,School,Conference,Year,Final Rank,NQS,Home Average,Away Average,Location Delta,Scores >= 9.9,VT Delta,UB Delta,BB Delta,FX Delta,AA Delta
0,Boise State,MRGC,2009,20,195.735,195.5,194.672,0.828,5.7,3.059,1000.0,2.47,3.174,1000.0
1,BYU,MRGC,2009,50,192.255,190.925,191.3,-0.375,0.4,3.067,1.739,1.02,4.009,9.955
2,Centenary College,MIC,2009,56,191.265,191.988,189.132,2.856,0.0,1000.0,4.015,3.063,1000.0,1000.0
3,Denver,Big12,2009,18,195.545,195.242,194.431,0.811,6.2,2.846,3.707,2.594,2.237,11.086
4,Georgia,SEC,2009,1,197.62,197.1,197.042,0.058,35.4,1000.0,4.549,3.689,2.651,1000.0
5,Hamline,NaN,2009,78,178.875,177.51,176.329,1.181,0.0,1.775,2.984,1.702,1.822,6.304
6,Illinois,Big10,2009,12,196.335,195.855,195.214,0.641,6.8,-0.5,1000.0,1000.0,0.638,1000.0
7,Iowa,Big10,2009,33,195.09,194.354,194.646,-0.292,3.5,0.143,0.532,0.035,0.615,1.305
8,LSU,SEC,2009,6,196.82,196.69,196.032,0.658,18.0,2.66,4.004,3.365,3.239,12.953
9,Nebraska,Big10,2009,17,196.075,195.92,195.622,0.298,9.3,0.972,1000.0,1000.0,1.157,1000.0
10,New Hampshire,EAGL,2009,34,194.595,194.565,193.378,1.187,2.9,1000.0,0.579,0.486,0.307,1000.0
11,North Carolina,EAGL,2009,29,194.93,0.0,194.093,-194.093,3.0,1.899,2.433,0.699,1.369,1.351
12,Oregon State,PAC12,2009,11,196.61,196.545,195.847,0.698,14.8,1000.0,0.658,1.158,1.138,1000.0
13,Springfield College,NaN,2009,75,181.955,181.533,181.65,-0.117,0.0,4.275,4.145,3.193,1000.0,1000.0
14,West Chester,GEC,2009,79,178.52,178.438,177.689,0.749,0.0,1000.0,2.628,2.39,2.572,1000.0
15,Cal State-Fullerton,NaN,2009,42,193.5,192.895,193.383,-0.488,0.4,1000.0,1000.0,0.295,1000.0,1000.0
16,Kent State,MAC,2010,28,195.12,194.975,193.879,1.096,1.4,4.447,1000.0,3.691,5.789,1000.0
17,North Carolina State,EAGL,2010,34,195.085,194.99,194.012,0.978,3.2,2.828,2.863,1000.0,1000.0,1000.0
18,Ohio State,Big10,2010,35,194.57,194.65,193.081,1.569,0.3,1000.0,1000.0,1000.0,4.798,1000.0
19,Stanford,PAC12,2010,4,196.7,196.406,196.36,0.046,14.2,3.755,4.737,3.081,2.237,12.539
20,Texas Woman's,MIC,2010,44,193.165,193.614,191.363,2.251,0.3,2.398,3.26,2.614,2.262,10.676
21,Winona State,NaN,2010,75,181.165,178.869,178.872,-0.003,0.0,1.895,1000.0,0.542,1.543,1000.0
22,Air Force,MPSF,2011,58,191.043,191.966,188.477,3.489,0.0,1000.0,1000.0,0.527,1000.0,1000.0
23,Alaska,MPSF,2011,62,190.37,191.863,189.029,2.834,0.0,2.056,0.292,0.062,2.084,4.34
24,Arizona,Pac12,2011,21,195.44,194.94,194.636,0.304,3.8,3.535,3.287,3.106,3.385,11.024
25,Arizona State,Pac12,2011,38,193.885,194.355,192.304,2.051,2.6,2.934,3.65,2.82,3.26,12.914
26,Central Michigan,MAC,2011,23,195.3,195.338,194.403,0.935,1.4,1000.0,1.783,1000.0,1000.0,1000.0
27,George Washington,EAGL,2011,42,193.205,192.756,192.136,0.62,0.4,0.595,1.391,1000.0,1.116,1000.0
28,Hamline,NaN,2011,78,180.255,178.333,179.533,-1.2,0.0,2.631,3.009,1000.0,2.759,1000.0
29,North Carolina State,EAGL,2011,26,195.155,194.554,194.771,-0.217,2.5,2.648,3.722,2.19,3.502,10.708
30,Penn State,Big10,2011,14,196.235,196.056,195.4,0.656,11.3,2.746,3.507,1000.0,2.905,1000.0
31,Rhode Island College,NaN,2011,83,159.635,158.712,161.294,-2.582,0.0,1.459,3.3,1.179,1000.0,13.992
32,Southern Utah,MRGC,2011,33,194.925,194.846,193.964,0.882,1.6,0.225,1000.0,1000.0,1000.0,1000.0
33,Air Force,MPSF,2012,59,191.89,191.917,190.227,1.69,0.0,1.936,2.162,1.538,1.989,1000.0
34,Alabama,SEC,2012,1,197.565,197.33,196.978,0.352,28.1,0.963,1.275,0.443,1.039,7.038
35,Alaska,MPSF,2012,65,189.365,189.77,187.987,1.783,0.0,2.116,2.461,2.235,2.343,9.045
36,Arizona,Pac12,2012,22,196.02,195.75,195.209,0.541,6.0,3.957,1.806,3.133,2.85,12.497
37,Arizona State,Pac12,2012,27,195.145,194.413,194.568,-0.155,0.7,0.438,0.812,0.915,0.064,2.6
38,Arkansas,SEC,2012,6,196.785,196.614,195.994,0.62,19.2,0.142,0.259,1000.0,0.172,1000.0
39,Auburn,SEC,2012,15,195.965,196.246,194.743,1.503,7.3,1.95,0.335,2.129,1.663,1.132
40,Ball State,MAC,2012,52,192.715,192.82,191.028,1.792,0.3,0.165,0.755,0.328,0.856,1000.0
41,Boise State,MRGC,2012,14,196.115,195.633,195.596,0.037,9.7,3.119,3.374,2.595,2.968,12.431
42,Bowling Green,2763,2012,48,193.63,193.206,192.494,0.712,0.7,0.11,1.175,0.169,0.35,1.82
43,Bridgeport,GEC,2012,38,195.375,195.15,193.575,1.575,6.9,1.338,1.196,2.326,1.658,2.756
44,Brockport,NaN,2012,69,188.125,187.533,187.091,0.442,0.0,0.379,1.294,0.254,-0.085,1000.0
45,Brown,GEC,2012,62,191.1,189.158,190.971,-1.813,0.0,0.405,0.59,0.503,0.752,2.485
46,BYU,MRGC,2012,37,194.685,193.744,193.994,-0.25,2.0,0.797,0.8,1.021,0.496,1000.0
47,California,Pac12,2012,49,193.28,193.094,192.378,0.716,0.0,3.337,4.451,2.433,2.591,1000.0
48,Centenary College,MIC,2012,61,191.17,192.267,188.897,3.37,0.0,1.825,3.149,1.869,0.8,1000.0
49,Central Michigan,MAC,2012,34,194.855,193.583,193.922,-0.339,0.9,2.028,2.597,2.29,2.242,13.311
50,Cornell,GEC,2012,63,190.9,190.644,189.65,0.994,0.0,1.21,1000.0,1.663,2.094,1000.0
51,Cortland State,NaN,2012,68,188.05,186.692,186.111,0.581,0.0,1.833,0.837,0.551,3.341,1000.0
52,Denver,Big12,2012,23,196.09,195.746,195.003,0.743,7.4,3.483,2.041,3.518,3.423,14.113
53,Eastern Michigan,MAC,2012,53,193.045,192.925,192.218,0.707,0.0,2.255,3.653,2.348,2.569,14.145
54,Florida,SEC,2012,2,197.71,197.445,197.061,0.384,29.5,1.077,0.25,2.695,1.133,1000.0
55,George Washington,EAGL,2012,51,193.12,192.406,192.194,0.212,0.3,0.355,1.027,1.59,2.065,1.801
56,Georgia,SEC,2012,11,197.1,197.15,196.603,0.547,20.9,3.381,3.431,3.378,3.384,13.563
57,Illinois,Big10,2012,18,195.7,195.538,194.982,0.556,4.7,3.152,3.466,3.518,3.551,1000.0
58,Illinois State,MIC,2012,43,194.15,193.16,193.3,-0.14,0.0,1.983,1000.0,2.52,2.26,1000.0
59,Iowa,Big10,2012,26,195.085,194.689,194.608,0.081,1.9,1.157,3.866,1.293,6.687,22.606
60,Iowa State,Big12,2012,35,195.49,195.006,194.394,0.612,2.8,3.651,3.597,3.464,3.542,14.449
61,Kent State,MAC,2012,33,195.4,195.55,194.036,1.514,3.4,2.589,2.835,2.391,2.977,9.424
62,Kentucky,SEC,2012,25,195.49,194.93,194.516,0.414,1.0,1.309,2.37,1.146,1.13,8.049
63,LSU,SEC,2012,9,196.595,196.225,195.914,0.311,11.0,0.279,0.669,0.373,0.362,1.645
64,Maryland,Big10,2012,28,194.905,194.38,194.378,0.002,4.8,0.496,0.377,0.863,0.37,1.966
65,Michigan,Big10,2012,13,195.985,195.092,195.562,-0.47,9.4,0.028,0.236,0.386,0.235,1.013
66,Michigan State,Big10,2012,32,194.94,194.029,193.656,0.373,2.1,1.186,1.311,1.219,1.331,6.774
67,Minnesota,BIG10,2012,24,195.96,195.154,195.134,0.02,1.2,2.751,1.988,3.56,3.597,14.122
68,Missouri,SEC,2012,20,195.865,195.325,195.114,0.211,8.3,1.782,3.533,3.119,1.744,9.774
69,New Hampshire,EAGL,2012,31,195.12,195.104,193.654,1.45,2.6,1.568,2.177,1.006,0.338,8.125
70,North Carolina,EAGL,2012,30,195.01,194.655,194.196,0.459,3.7,0.372,2.769,1.385,0.356,3.641
71,North Carolina State,EAGL,2012,17,195.925,195.621,195.05,0.571,3.3,2.319,0.977,0.312,2.119,5.642
72,Northern Illinois,MAC,2012,46,194.04,192.492,193.162,-0.67,0.7,2.891,0.543,5.408,4.349,1000.0
73,Ohio State,Big10,2012,10,196.51,196.562,195.756,0.806,8.0,4.295,2.238,2.816,0.62,1000.0
74,Oklahoma,Big12,2012,7,197.36,196.99,196.858,0.132,18.1,0.573,0.177,3.297,0.383,1.688
75,Oregon State,PAC12,2012,12,196.79,196.74,196.253,0.487,14.1,2.082,3.346,2.478,1.657,11.997
76,Penn State,Big10,2012,16,196.23,196.138,195.833,0.305,11.1,1.585,0.31,1.785,1.407,4.952
77,Pennsylvania,GEC,2012,55,193.02,192.537,191.936,0.601,0.6,1.772,2.181,2.183,1.335,15.404
78,Pittsburgh,EAGL,2012,40,194.5,194.51,193.221,1.289,0.7,2.069,2.005,2.267,3.625,12.706
79,Rutgers,Big10,2012,54,192.775,191.865,192.486,-0.621,1.0,1.828,0.446,1.649,0.438,0.031
80,S.E. Missouri,MIC,2012,56,192.12,193.0,189.358,3.642,1.1,3.39,1000.0,3.303,1000.0,1000.0
81,Sacramento State,MPSF,2012,41,194.47,193.12,193.675,-0.555,2.0,2.13,2.154,3.244,2.998,14.103
82,San Jose State,MPSF,2012,36,194.79,194.825,194.014,0.811,2.9,1.966,2.549,2.35,2.531,3.511
83,Southern Conn.,GEC,2012,66,189.26,189.35,188.166,1.184,0.8,1.233,0.702,0.542,0.659,1.619
84,Southern Utah,MRGC,2012,42,194.465,194.231,193.531,0.7,2.1,3.002,2.8,2.635,3.741,13.216
85,Springfield College,NaN,2012,73,183.97,185.008,181.679,3.329,0.0,2.033,1.83,2.485,2.381,9.026
86,Stanford,PAC12,2012,4,196.715,195.8,196.435,-0.635,18.2,1.619,2.954,0.566,0.275,1000.0
87,Temple,EAGL,2012,60,191.75,193.275,190.395,2.88,0.4,0.535,0.938,2.629,0.635,6.213
88,Texas Woman's,MIC,2012,45,194.065,193.385,193.392,-0.007,1.4,1.653,2.852,2.413,2.465,8.2
89,Towson,EAGL,2012,44,194.13,193.688,192.916,0.772,1.7,2.269,3.955,2.599,2.419,13.614
90,UC Davis,MPSF,2012,50,193.215,192.44,191.986,0.454,0.3,0.38,0.549,0.922,0.645,2.483
91,UCLA,Pac12,2012,3,197.39,197.375,196.646,0.729,30.6,1000.0,-0.119,0.294,1000.0,1000.0
92,Ursinus College,NaN,2012,71,184.365,182.819,183.775,-0.956,0.0,1000.0,-0.293,1000.0,0.593,1000.0
93,Utah,Pac12,2012,5,197.18,197.078,196.546,0.532,22.8,2.098,2.766,2.181,1.98,11.434
94,Utah State,MRGC,2012,47,193.925,193.971,192.967,1.004,0.0,2.356,3.055,2.113,1.208,13.98
95,UW-La Crosse,NaN,2012,74,184.15,183.562,183.409,0.153,0.0,5.805,1000.0,0.235,2.256,1000.0
96,UW-Oshkosh,NaN,2012,79,176.965,176.025,176.992,-0.967,0.0,2.699,2.926,2.907,1000.0,1000.0
97,UW-Stout,NaN,2012,76,180.365,179.775,180.225,-0.45,0.0,1.885,1.719,1.157,1.113,8.112
98,UW-Whitewater,NaN,2012,72,185.615,184.569,183.6,0.969,0.0,1000.0,2.281,2.232,3.167,1000.0
99,Washington,PAC12,2012,18,195.585,195.492,194.286,1.206,1.3,2.745,4.505,4.494,2.837,14.085
100,West Chester,GEC,2012,67,188.835,188.475,186.731,1.744,0.0,0.37,1.059,0.527,0.415,1000.0
101,West Virginia,Big12,2012,21,195.485,195.03,194.75,0.28,3.2,0.425,0.409,0.52,-0.006,1.819
102,Western Michigan,MAC,2012,39,194.588,193.579,194.056,-0.477,0.9,3.346,3.485,3.595,3.467,14.108
103,William & Mary,GEC,2012,57,191.87,191.675,190.514,1.161,0.0,3.352,2.317,1.196,1.751,14.319
104,Winona State,NaN,2012,77,180.77,180.363,179.697,0.666,0.4,1.811,2.948,2.447,2.942,12.092
105,Yale,GEC,2012,64,190.68,189.858,190.054,-0.196,0.0,2.51,2.447,1.778,2.888,7.127
106,Seattle Pacific,NaN,2012,58,191.665,190.783,190.98,-0.197,0.0,1.329,2.398,2.472,1.967,8.625
107,UIC,NaN,2012,29,194.865,194.34,193.75,0.59,0.6,0.015,1000.0,0.261,1.977,1000.0
108,Wilson College,NaN,2012,82,0.0,0.0,159.7,-159.7,0.0,2.959,2.537,2.442,2.511,8.741
109,Air Force,MPSF,2013,56,193.265,193.381,191.895,1.486,0.3,4.129,1.632,2.291,2.505,1000.0
110,Alabama,SEC,2013,3,197.53,197.133,197.216,-0.083,30.8,3.454,3.526,2.848,3.965,14.372
111,Alaska,MPSF,2013,62,191.78,191.908,190.889,1.019,0.0,2.175,2.251,1.946,1.892,8.463
112,Arizona,Pac12,2013,17,196.15,196.09,195.556,0.534,6.6,2.022,1.144,1.389,1.733,1000.0
113,Arizona State,Pac12,2013,24,195.6,195.255,194.814,0.441,2.1,1.999,3.048,2.054,2.329,8.595
114,Arkansas,SEC,2013,10,196.435,196.019,195.85,0.169,8.4,1.717,2.463,2.289,2.134,1000.0
115,Auburn,SEC,2013,13,196.675,196.195,196.094,0.101,9.4,3.33,2.17,2.447,3.429,9.524
116,Ball State,MAC,2013,51,193.67,193.5,192.837,0.663,0.3,2.522,2.307,2.083,2.334,1000.0
117,Boise State,MRGC,2013,23,195.76,195.975,195.146,0.829,10.1,2.694,2.06,2.849,2.442,12.125
118,Bowling Green,2763,2013,48,194.125,193.365,193.379,-0.014,1.4,1.73,2.027,1.919,1.62,4.08
119,Brockport,NaN,2013,70,187.565,186.788,186.344,0.444,0.0,1000.0,6.234,2.251,0.597,1000.0
120,Brown,GEC,2013,61,192.3,191.925,191.643,0.282,0.0,2.438,2.704,2.812,2.989,7.938
121,BYU,MRGC,2013,33,195.365,194.99,194.731,0.259,1.3,3.003,3.625,2.972,2.683,12.23
122,California,Pac12,2013,28,195.38,195.675,194.514,1.161,4.2,2.228,3.171,2.171,2.793,1000.0
123,Centenary College,MIC,2013,66,192.045,191.517,190.147,1.37,0.0,1.615,2.461,1.869,2.013,9.867
124,Central Michigan,MAC,2013,25,195.81,195.446,195.1,0.346,3.0,4.697,1.883,3.063,4.047,15.628
125,Cornell,GEC,2013,60,192.24,190.887,191.509,-0.622,0.0,1.848,2.466,1.645,2.225,9.887
126,Cortland State,NaN,2013,71,186.655,186.45,183.845,2.605,0.0,2.798,3.213,2.413,2.941,1000.0
127,Denver,Big12,2013,20,196.47,196.125,195.947,0.178,11.1,2.697,2.04,2.523,2.5,10.503
128,Eastern Michigan,MAC,2013,49,194.12,194.15,193.559,0.591,0.0,3.198,3.129,3.8,3.25,13.458
129,George Washington,EAGL,2013,39,194.86,194.481,194.3,0.181,1.0,3.782,3.781,2.706,2.924,1000.0
130,Georgia,SEC,2013,6,197.47,196.633,196.913,-0.28,24.5,1.71,0.273,2.103,1.429,1.46
131,Hamline,NaN,2013,79,182.105,176.275,181.171,-4.896,0.0,1000.0,2.715,0.769,0.742,1000.0
132,Illinois,Big10,2013,11,196.22,196.044,195.56,0.484,8.3,3.135,1.953,1.906,2.739,16.16
133,Illinois State,MIC,2013,46,194.175,192.769,193.496,-0.727,0.7,2.985,2.04,2.475,3.499,9.238
134,Iowa,Big10,2013,30,195.595,195.331,194.819,0.512,4.6,1.615,2.009,1.529,2.885,11.005
135,Iowa State,Big12,2013,27,195.22,194.471,194.768,-0.297,1.0,4.56,3.39,2.511,4.097,1000.0
136,Kent State,MAC,2013,36,195.815,195.725,194.882,0.843,5.9,1.629,1000.0,1.823,2.512,1000.0
137,Kentucky,SEC,2013,21,196.07,195.44,195.612,-0.172,4.2,1.927,3.015,2.219,2.984,7.659
138,Lindenwood,MIC,2013,63,191.365,190.875,189.387,1.488,0.0,2.274,2.745,2.288,2.382,9.856
139,LSU,SEC,2013,5,197.295,196.865,196.903,-0.038,26.2,1.685,1.736,1.94,1.809,1000.0
140,Maryland,Big10,2013,22,195.865,195.64,195.341,0.299,12.3,1.631,1.42,1.481,1.659,6.606
141,Michigan,Big10,2013,7,197.235,197.025,196.983,0.042,23.3,1.236,0.898,0.992,3.145,4.29
142,Michigan State,Big10,2013,37,195.005,193.985,194.225,-0.24,3.7,1.51,1.661,1.587,3.545,8.08
143,Minnesota,BIG10,2013,8,196.925,196.492,195.981,0.511,14.8,2.213,1.966,2.355,2.153,7.433
144,Missouri,SEC,2013,43,194.755,193.97,194.504,-0.534,3.8,3.872,3.812,3.332,3.56,17.168
145,Nebraska,Big10,2013,14,197.145,196.87,196.489,0.381,23.2,2.906,2.989,2.319,2.237,10.547
146,New Hampshire,EAGL,2013,41,194.81,194.925,193.868,1.057,2.7,1.874,2.474,1.658,2.327,1000.0
147,North Carolina,EAGL,2013,35,195.2,194.825,194.489,0.336,0.7,3.308,3.407,3.33,3.003,10.667
148,North Carolina State,EAGL,2013,26,195.42,195.596,194.753,0.843,3.3,2.534,2.71,2.668,2.68,10.817
149,Northern Illinois,MAC,2013,50,194.095,193.39,193.479,-0.089,0.0,2.018,1.78,1.675,0.639,1000.0
150,Ohio State,Big10,2013,18,196.005,196.058,195.257,0.801,8.5,2.693,3.132,2.817,3.294,11.08
151,Oklahoma,Big12,2013,2,197.57,197.695,197.166,0.529,30.7,2.847,3.129,2.755,2.76,12.958
152,Oregon State,PAC12,2013,16,196.9,196.587,195.983,0.604,16.2,2.665,2.76,2.946,2.617,1000.0
153,Penn State,Big10,2013,15,196.51,196.029,195.389,0.64,9.6,3.293,0.516,3.087,1.784,7.087
154,Pennsylvania,GEC,2013,59,192.66,193.975,191.409,2.566,0.7,1.818,2.527,2.667,2.398,8.248
155,Pittsburgh,EAGL,2013,32,195.07,194.96,194.604,0.356,2.8,1.435,2.146,2.893,2.084,7.885
156,Rhode Island College,NaN,2013,82,170.74,167.35,169.753,-2.403,0.0,1000.0,1000.0,0.792,0.642,1000.0
157,Rutgers,Big10,2013,44,194.74,194.45,194.044,0.406,2.0,1.221,0.742,3.583,1.398,1000.0
158,S.E. Missouri,MIC,2013,47,193.125,193.783,192.515,1.268,1.0,2.328,2.407,2.405,2.356,9.389
159,Sacramento State,MPSF,2013,38,194.89,194.46,194.054,0.406,1.0,4.13,2.611,3.499,3.558,13.873
160,San Jose State,MPSF,2013,40,194.815,194.263,193.972,0.291,2.0,3.541,1.97,2.469,1.936,1000.0
161,Southern Conn.,GEC,2013,67,189.71,188.867,188.566,0.301,0.0,2.91,1.929,2.459,3.209,1000.0
162,Southern Utah,MRGC,2013,31,195.3,195.525,194.088,1.437,0.7,3.476,3.538,3.43,3.75,14.521
163,Springfield College,NaN,2013,76,183.515,182.55,182.734,-0.184,0.0,0.208,1000.0,1000.0,0.975,1000.0
164,Stanford,PAC12,2013,12,196.83,196.892,196.056,0.836,18.5,2.538,2.506,2.221,3.171,9.542
165,Temple,EAGL,2013,65,190.955,189.825,190.456,-0.631,0.0,3.453,2.202,1.068,0.371,6.366
166,Texas Woman's,MIC,2013,55,194.055,193.375,192.989,0.386,1.2,0.236,1000.0,1000.0,3.875,1000.0
167,Towson,EAGL,2013,53,193.81,193.719,192.988,0.731,0.0,2.307,2.973,2.206,2.201,11.547
168,UC Davis,MPSF,2013,42,194.78,194.412,193.775,0.637,2.4,1.875,0.892,1.414,1.684,7.563
169,UCLA,Pac12,2013,4,197.23,197.032,196.754,0.278,24.9,3.574,0.139,1000.0,2.386,1000.0
170,Ursinus College,NaN,2013,74,184.11,184.267,182.9,1.367,0.0,0.188,5.338,0.668,0.218,1000.0
171,Utah,Pac12,2013,9,197.105,197.17,196.459,0.711,23.4,3.332,3.073,2.995,3.472,11.282
172,Utah State,MRGC,2013,54,193.725,193.369,192.693,0.676,0.8,2.115,2.337,3.651,1.415,8.758
173,UW-La Crosse,NaN,2013,72,185.57,184.233,184.461,-0.228,0.0,2.456,1.583,3.82,1.968,10.047
174,UW-Oshkosh,NaN,2013,80,181.74,181.742,180.321,1.421,0.0,1.772,2.646,2.697,2.08,9.742
175,UW-Stout,NaN,2013,73,184.36,183.617,183.237,0.38,0.0,2.658,2.001,2.179,2.238,6.857
176,UW-Whitewater,NaN,2013,68,188.115,188.55,185.935,2.615,0.0,2.865,2.379,2.984,3.073,10.509
177,Washington,PAC12,2013,19,196.003,195.812,195.299,0.513,2.9,1.988,2.495,2.173,1.968,9.162
178,West Chester,GEC,2013,69,188.035,188.438,186.225,2.213,0.0,3.155,3.202,3.12,3.354,1000.0
179,West Virginia,Big12,2013,29,195.78,195.942,194.642,1.3,5.9,2.049,2.736,0.944,1.448,1000.0
180,Western Michigan,MAC,2013,45,194.285,194.456,193.196,1.26,1.6,2.772,2.139,2.706,3.113,9.519
181,William & Mary,GEC,2013,57,193.115,192.208,192.504,-0.296,0.8,2.146,2.667,1.878,2.546,10.282
182,Winona State,NaN,2013,75,184.725,183.175,182.904,0.271,0.0,1.976,2.06,1.872,2.069,7.971
183,Yale,GEC,2013,64,191.34,190.108,189.987,0.121,0.4,-0.024,1.081,0.373,0.333,1000.0
184,Seattle Pacific,NaN,2013,58,192.735,191.55,191.875,-0.325,0.0,0.713,2.14,1.516,3.029,7.447
185,Air Force,MPSF,2014,51,194.19,193.74,193.264,0.476,0.0,4.061,2.571,1.551,2.317,11.296
186,Alabama,SEC,2014,4,197.735,197.604,197.262,0.342,35.1,3.121,1.5,1.565,3.863,10.497
187,Alaska,MPSF,2014,67,189.865,189.48,189.412,0.068,0.0,2.411,2.633,2.997,3.559,9.568
188,Arizona,Pac12,2014,24,196.16,196.475,195.356,1.119,9.3,2.328,2.534,2.619,3.783,1000.0
189,Arizona State,Pac12,2014,30,195.855,195.504,195.083,0.421,2.8,2.664,1.95,2.553,3.095,1000.0
190,Arkansas,SEC,2014,15,196.375,196.45,195.958,0.492,15.3,2.334,2.565,2.178,2.059,8.316
191,Auburn,SEC,2014,20,196.56,196.26,195.85,0.41,14.6,2.781,2.68,2.08,2.59,1000.0
192,Ball State,MAC,2014,55,193.375,192.638,191.433,1.205,1.0,2.883,2.565,2.751,3.499,10.851
193,Boise State,MRGC,2014,19,196.395,196.18,195.932,0.248,10.7,2.617,3.356,2.912,3.954,1000.0
194,Bowling Green,2763,2014,40,194.785,194.992,193.908,1.084,1.3,2.085,2.301,2.216,3.28,9.744
195,Bridgeport,GEC,2014,53,194.03,193.725,192.054,1.671,1.1,2.556,2.242,2.743,2.068,7.524
196,Brockport,NaN,2014,70,188.575,189.738,186.811,2.927,0.4,2.928,2.814,2.54,2.937,12.624
197,Brown,GEC,2014,57,193.54,193.306,192.191,1.115,0.7,2.571,2.661,1.881,2.015,9.816
198,BYU,MRGC,2014,29,195.82,195.785,194.772,1.013,4.2,3.504,1000.0,1000.0,1000.0,1000.0
199,California,Pac12,2014,16,196.27,196.095,195.393,0.702,7.2,2.309,2.478,2.599,2.531,10.359
200,Centenary College,MIC,2014,65,189.99,189.7,188.322,1.378,0.0,2.427,2.595,2.813,2.534,8.986
201,Central Michigan,MAC,2014,17,196.3,195.325,195.904,-0.579,8.6,2.997,2.862,2.476,2.675,8.098
202,Cornell,GEC,2014,61,192.12,191.342,191.036,0.306,0.0,1.068,2.546,2.342,3.973,1000.0
203,Cortland State,NaN,2014,71,187.84,184.925,187.119,-2.194,0.4,1.347,0.774,0.941,1.268,2.35
204,Denver,Big12,2014,18,196.205,195.944,195.844,0.1,9.2,3.359,2.849,3.573,3.652,14.039
205,Eastern Michigan,MAC,2014,46,194.31,194.463,193.492,0.971,0.0,3.533,3.633,1000.0,3.577,1000.0
206,Florida,SEC,2014,1,198.05,197.98,197.453,0.527,43.0,1000.0,4.344,3.14,3.225,1000.0
207,George Washington,EAGL,2014,42,194.73,194.462,193.834,0.628,1.4,2.39,2.67,1.913,2.551,9.728
208,Georgia,SEC,2014,5,197.35,197.154,196.906,0.248,30.9,2.789,2.947,2.319,2.428,9.329
209,Illinois,Big10,2014,11,196.675,196.42,196.083,0.337,10.7,1.646,1.733,1.738,1.757,6.941
210,Illinois State,MIC,2014,60,192.34,191.483,190.671,0.812,0.7,1.964,2.081,1000.0,2.915,1000.0
211,Iowa,Big10,2014,38,195.07,193.85,193.825,0.025,0.7,2.612,2.903,2.616,2.883,10.43
212,Iowa State,Big12,2014,21,195.58,194.97,194.514,0.456,4.8,1000.0,1000.0,1000.0,1.242,1000.0
213,Ithaca College,NaN,2014,80,176.51,179.262,173.581,5.681,0.0,4.625,1000.0,4.784,4.838,1000.0
214,Kent State,MAC,2014,28,195.655,195.444,195.059,0.385,5.2,2.697,3.455,1.939,2.109,1000.0
215,Kentucky,SEC,2014,21,195.74,195.719,194.753,0.966,6.5,1000.0,3.847,1.681,1.907,1000.0
216,Lindenwood,MIC,2014,58,193.105,191.842,191.368,0.474,0.3,3.377,3.6,2.912,3.056,1000.0
217,LSU,SEC,2014,3,197.8,197.671,197.409,0.262,37.8,2.85,1.83,2.828,2.341,8.475
218,Maryland,Big10,2014,32,195.175,194.805,194.178,0.627,2.3,2.117,3.108,3.205,2.923,1000.0
219,Michigan,Big10,2014,10,197.125,197.035,196.588,0.447,23.5,2.978,2.29,2.617,2.588,9.087
220,Michigan State,Big10,2014,39,194.815,194.221,194.354,-0.133,4.1,3.277,2.802,2.504,3.005,10.525
221,Minnesota,BIG10,2014,14,196.52,196.071,196.309,-0.238,16.9,1.99,2.876,2.598,2.872,9.292
222,Missouri,SEC,2014,41,194.71,194.515,194.364,0.151,4.3,2.837,3.084,2.341,3.017,1000.0
223,Nebraska,Big10,2014,6,197.01,196.585,196.794,-0.209,21.7,2.567,2.565,2.466,2.801,12.017
224,New Hampshire,EAGL,2014,25,195.88,195.646,194.129,1.517,1.3,2.7,2.634,2.718,2.46,8.166
225,North Carolina,EAGL,2014,44,194.445,194.206,193.4,0.806,0.7,2.917,2.402,2.445,2.216,9.578
226,North Carolina State,EAGL,2014,31,195.615,195.346,194.825,0.521,4.2,2.369,2.099,2.171,2.334,1000.0
227,Northern Illinois,MAC,2014,49,194.13,193.094,193.879,-0.785,0.7,2.365,2.855,2.825,2.666,7.959
228,Ohio State,Big10,2014,23,195.905,195.53,195.504,0.026,5.6,2.198,1.404,2.575,2.036,9.499
229,Oklahoma,Big12,2014,1,197.95,197.28,197.715,-0.435,41.0,2.633,2.675,2.825,3.298,11.71
230,Oregon State,PAC12,2014,13,196.665,196.706,196.196,0.51,9.5,2.82,2.696,2.113,1.89,9.729
231,Penn State,Big10,2014,12,196.525,196.442,195.4,1.042,8.1,1.292,3.808,2.598,2.891,17.57
232,Pennsylvania,GEC,2014,63,190.8,190.119,187.858,2.261,0.0,3.008,1.77,2.752,2.72,1000.0
233,Pittsburgh,EAGL,2014,43,194.71,194.585,194.196,0.389,1.8,1.561,2.741,2.209,2.299,8.179
234,Rhode Island College,NaN,2014,81,174.705,169.988,174.067,-4.079,0.0,3.024,3.639,1000.0,2.087,1000.0
235,Rutgers,Big10,2014,35,195.34,194.725,194.483,0.242,2.5,2.323,3.678,2.521,3.893,8.606
236,S.E. Missouri,MIC,2014,48,194.22,193.475,193.188,0.287,0.7,3.17,2.898,3.133,2.794,12.213
237,Sacramento State,MPSF,2014,45,194.36,194.431,193.378,1.053,1.0,2.064,2.648,1.635,1.723,8.398
238,San Jose State,MPSF,2014,33,195.51,195.508,194.714,0.794,2.4,4.511,2.327,2.936,1000.0,1000.0
239,Southern Conn.,GEC,2014,68,189.41,187.462,189.072,-1.61,0.4,1000.0,2.694,1.982,3.326,1000.0
240,Southern Utah,MRGC,2014,26,195.665,195.144,195.128,0.016,1.4,3.014,2.833,2.484,3.268,10.961
241,Stanford,PAC12,2014,9,197.005,196.5,196.475,0.025,17.1,3.034,2.367,2.854,2.861,9.703
242,Temple,EAGL,2014,62,191.725,191.462,189.982,1.48,0.0,1.515,1.845,2.545,1.401,8.386
243,Texas Woman's,MIC,2014,47,194.565,193.954,193.559,0.395,1.5,3.615,3.583,4.15,4.638,18.094
244,Towson,EAGL,2014,59,192.455,190.95,191.666,-0.716,0.0,1.377,3.133,2.567,2.289,8.596
245,UC Davis,MPSF,2014,34,195.26,194.79,194.141,0.649,1.9,1.882,2.495,2.742,1.883,1000.0
246,UCLA,Pac12,2014,8,197.07,196.785,196.778,0.007,28.5,1000.0,3.6,1000.0,1000.0,1000.0
247,Ursinus College,NaN,2014,73,185.19,183.392,184.271,-0.879,0.0,2.187,4.029,3.581,0.301,1000.0
248,Utah,Pac12,2014,7,197.595,197.387,197.139,0.248,34.0,1.91,1.916,2.089,2.052,8.069
249,Utah State,MRGC,2014,36,195.57,194.895,194.206,0.689,1.8,2.14,2.74,2.124,2.063,9.428
250,UW-Eau Claire,NaN,2014,76,182.67,182.633,181.812,0.821,0.0,2.238,1000.0,1.375,2.114,1000.0
251,UW-La Crosse,NaN,2014,72,187.365,184.825,186.507,-1.682,0.0,2.163,3.236,2.214,2.773,7.215
252,UW-Oshkosh,NaN,2014,74,183.48,181.833,182.861,-1.028,0.0,1.962,2.338,1.424,2.264,10.767
253,UW-Stout,NaN,2014,78,182.43,181.825,181.738,0.087,0.0,3.054,2.208,2.093,2.567,9.935
254,UW-Whitewater,NaN,2014,69,189.175,187.575,187.584,-0.009,0.4,2.93,2.68,1.428,1.999,10.126
255,Washington,PAC12,2014,26,195.36,195.438,194.55,0.888,2.5,2.222,3.065,2.612,3.356,8.68
256,West Chester,GEC,2014,66,189.875,189.933,188.647,1.286,0.0,1.303,2.315,1.912,2.183,7.704
257,West Virginia,Big12,2014,37,195.15,195.585,194.133,1.452,4.0,2.683,1.917,2.448,2.424,7.789
258,Western Michigan,MAC,2014,50,194.065,193.355,192.663,0.692,0.8,2.413,2.231,2.499,2.457,7.887
259,William & Mary,GEC,2014,56,193.32,192.581,192.332,0.249,0.4,2.683,2.172,2.896,2.478,9.05
260,Winona State,NaN,2014,75,182.95,180.15,182.339,-2.189,0.0,3.399,1000.0,1000.0,2.593,1000.0
261,Yale,GEC,2014,64,190.065,186.725,189.741,-3.016,0.0,2.269,1.639,1.968,1.273,6.851
262,Seattle Pacific,NaN,2014,54,194.055,192.644,193.033,-0.389,0.6,1.748,2.189,2.298,3.246,1000.0
263,UIC,NaN,2014,52,193.99,192.94,192.881,0.059,1.3,2.588,1000.0,1.683,2.658,1000.0
264,Air Force,MPSF,2015,62,192.595,192.375,191.075,1.3,0.0,2.957,2.71,3.218,3.018,8.893
265,Alabama,SEC,2015,4,197.535,197.246,197.175,0.071,32.0,2.671,1.612,2.27,2.695,10.665
266,Alaska,MPSF,2015,61,192.605,192.185,191.162,1.023,0.4,2.992,2.407,3.279,2.974,15.1
267,Arizona,Pac12,2015,17,196.445,196.315,195.678,0.637,4.5,4.112,2.987,2.738,3.34,11.34
268,Arkansas,SEC,2015,14,196.395,196.015,195.904,0.111,12.2,2.66,2.168,2.17,1.994,8.266
269,Auburn,SEC,2015,6,197.085,197.17,196.337,0.833,16.7,3.469,1000.0,1000.0,1000.0,1000.0
270,Ball State,MAC,2015,52,194.125,193.806,193.616,0.19,1.4,1.915,2.496,2.37,2.783,9.12
271,Boise State,MRGC,2015,20,196.495,196.431,195.853,0.578,11.6,2.586,2.774,2.582,3.639,8.644
272,Bowling Green,2763,2015,42,194.945,195.035,193.336,1.699,0.7,2.648,2.793,3.102,2.653,1000.0
273,Bridgeport,GEC,2015,46,194.645,194.75,193.821,0.929,5.4,3.447,5.37,2.38,1.997,11.135
274,Brockport,NaN,2015,68,190.88,190.792,188.969,1.823,0.0,2.142,3.46,2.625,2.613,1000.0
275,Brown,GEC,2015,55,193.65,193.17,192.979,0.191,0.3,2.346,3.332,2.447,2.986,8.97
276,BYU,MRGC,2015,36,195.365,194.695,194.811,-0.116,3.5,1.611,2.267,2.276,3.102,7.328
277,California,Pac12,2015,18,196.24,196.256,195.703,0.553,10.8,2.614,2.207,2.739,2.425,7.401
278,Centenary College,MIC,2015,66,190.93,190.788,188.331,2.457,0.0,2.979,2.821,3.183,2.938,10.611
279,Central Michigan,MAC,2015,19,196.19,194.39,195.663,-1.273,8.7,2.223,3.1,2.931,2.697,1000.0
280,Cornell,GEC,2015,64,191.29,190.562,190.354,0.208,0.0,2.157,3.54,2.87,2.081,1000.0
281,Cortland State,NaN,2015,72,188.73,187.48,188.017,-0.537,0.0,0.746,1.149,1.266,1.428,1000.0
282,Denver,Big12,2015,15,196.455,196.083,195.866,0.217,11.4,1.885,2.103,2.495,2.356,8.282
283,Eastern Michigan,MAC,2015,37,195.28,194.765,195.107,-0.342,0.7,2.857,2.61,3.565,3.503,11.299
284,Florida,SEC,2015,1,197.89,197.81,197.406,0.404,39.4,1.599,1.905,1.717,1.658,7.721
285,George Washington,EAGL,2015,35,195.49,195.6,194.76,0.84,7.9,2.426,2.975,2.419,2.452,10.559
286,Georgia,SEC,2015,9,196.925,196.571,196.338,0.233,18.3,2.472,1.657,1.455,1.481,1000.0
287,Gustavus Adolphus,NaN,2015,81,178.82,176.475,176.918,-0.443,0.0,0.276,0.67,0.135,0.092,1.167
288,Hamline,NaN,2015,78,184.345,183.012,181.783,1.229,0.0,2.845,3.25,2.008,1.79,9.737
289,Illinois,Big10,2015,13,196.595,196.16,196.3,-0.14,11.6,3.175,3.484,1000.0,2.767,1000.0
290,Illinois State,MIC,2015,53,193.985,191.635,191.936,-0.301,0.7,2.276,2.422,2.117,2.046,1000.0
291,Iowa,Big10,2015,31,196.03,195.575,195.269,0.306,6.6,3.174,2.181,1.857,3.512,1000.0
292,Iowa State,Big12,2015,29,195.47,195.365,194.669,0.696,3.8,2.233,2.633,2.782,2.571,10.623
293,Ithaca College,NaN,2015,74,186.25,183.0,186.118,-3.118,0.0,2.898,2.314,1.913,2.813,1000.0
294,Kent State,MAC,2015,38,195.14,195.808,193.8,2.008,6.8,2.796,2.975,2.249,2.687,9.348
295,Kentucky,SEC,2015,24,195.83,195.945,195.125,0.82,3.4,2.117,2.18,2.46,2.963,10.544
296,Lindenwood,MIC,2015,50,194.715,194.4,193.485,0.915,2.5,3.012,2.773,2.486,2.446,9.617
297,LSU,SEC,2015,10,197.65,197.775,197.147,0.628,35.2,2.26,2.558,2.289,2.473,9.771
298,Maryland,Big10,2015,33,195.505,194.57,195.259,-0.689,2.6,3.162,3.389,2.205,3.561,15.015
299,Michigan,Big10,2015,7,197.275,197.295,197.016,0.279,26.7,3.14,2.303,3.49,3.481,10.687
300,Michigan State,Big10,2015,26,195.735,195.025,195.18,-0.155,7.2,2.056,1.94,1.635,1.69,4.637
301,Minnesota,BIG10,2015,23,196.45,195.561,195.554,0.007,13.4,2.56,2.557,2.665,2.861,10.179
302,Missouri,SEC,2015,21,195.885,195.138,195.264,-0.126,3.9,1.722,2.395,2.168,1.837,5.157
303,Nebraska,Big10,2015,8,197.05,196.679,196.621,0.058,18.3,2.693,3.142,2.498,2.582,10.037
304,New Hampshire,EAGL,2015,32,195.86,195.5,194.872,0.628,2.6,2.576,3.2,3.115,2.349,10.665
305,North Carolina,EAGL,2015,44,194.845,194.519,194.529,-0.01,1.1,3.003,2.14,3.255,2.845,9.382
306,North Carolina State,EAGL,2015,25,195.585,194.14,195.329,-1.189,3.0,1.926,2.899,2.113,2.255,14.761
307,Northern Illinois,MAC,2015,45,194.78,194.225,193.586,0.639,1.4,3.983,3.881,3.082,3.372,12.777
308,Ohio State,Big10,2015,27,195.49,195.335,195.125,0.21,1.3,3.122,2.801,2.527,3.609,10.105
309,Oklahoma,Big12,2015,3,197.895,197.963,197.527,0.436,45.1,0.448,0.231,1.743,1.857,2.611
310,Oregon State,PAC12,2015,12,196.775,196.065,196.522,-0.457,14.6,1.459,2.265,1.25,0.178,1000.0
311,Penn State,Big10,2015,22,196.665,196.235,196.154,0.081,10.8,2.269,2.115,2.346,2.774,8.27
312,Pennsylvania,GEC,2015,57,193.19,191.965,192.925,-0.96,0.0,2.236,2.706,2.73,2.447,8.22
313,Pittsburgh,EAGL,2015,51,194.16,193.3,193.232,0.068,1.5,3.289,2.855,2.154,2.239,1000.0
314,Rhode Island College,NaN,2015,82,178.12,177.275,176.391,0.884,0.0,0.149,0.988,0.551,0.193,1.987
315,Rutgers,Big10,2015,46,194.735,194.725,193.833,0.892,1.0,1.954,2.433,2.962,2.583,9.54
316,S.E. Missouri,MIC,2015,56,193.5,193.155,192.664,0.491,0.3,3.074,2.706,2.131,2.662,10.726
317,Sacramento State,MPSF,2015,48,194.51,194.34,193.932,0.408,0.0,3.252,3.234,3.006,2.77,11.047
318,San Jose State,MPSF,2015,41,194.975,194.531,194.591,-0.06,1.0,3.014,3.338,2.083,2.603,8.994
319,Southern Conn.,GEC,2015,70,190.81,190.863,189.647,1.216,0.4,2.445,2.097,3.446,2.517,1000.0
320,Springfield College,NaN,2015,75,186.205,185.508,185.621,-0.113,0.0,2.258,3.131,2.883,2.144,9.159
321,Stanford,PAC12,2015,5,197.12,196.917,196.241,0.676,23.6,-0.038,0.071,5.085,5.053,10.233
322,Temple,EAGL,2015,66,190.93,190.8,189.503,1.297,0.0,3.064,2.606,3.282,2.407,10.244
323,Texas Woman's,MIC,2015,59,193.74,193.625,191.803,1.822,1.8,2.326,3.151,3.476,2.792,10.101
324,Towson,EAGL,2015,43,194.905,194.675,194.236,0.439,2.0,2.373,2.938,2.167,2.263,9.15
325,UC Davis,MPSF,2015,39,195.085,195.08,194.082,0.998,3.1,2.566,2.721,2.998,2.991,10.151
326,UCLA,Pac12,2015,11,197.29,196.955,196.697,0.258,25.5,1.733,2.594,3.602,2.191,10.725
327,Ursinus College,NaN,2015,69,190.86,190.169,189.738,0.431,0.0,1.766,2.78,2.412,2.459,9.898
328,Utah,Pac12,2015,2,197.865,197.612,197.222,0.39,36.2,2.392,2.382,2.179,2.453,9.39
329,Utah State,MRGC,2015,30,195.57,194.87,195.228,-0.358,0.0,1000.0,2.532,2.803,1000.0,1000.0
330,UW-Eau Claire,NaN,2015,79,184.155,183.342,183.375,-0.033,0.0,2.672,3.295,2.598,2.547,12.467
331,UW-La Crosse,NaN,2015,73,187.895,187.115,187.171,-0.056,0.0,2.524,2.972,2.448,3.106,10.353
332,UW-Oshkosh,NaN,2015,80,183.93,183.225,183.492,-0.267,0.0,2.657,3.129,1.212,4.337,12.516
333,UW-Stout,NaN,2015,77,185.055,182.244,183.404,-1.16,0.0,2.138,2.642,3.306,3.637,10.028
334,UW-Whitewater,NaN,2015,71,190.625,190.283,188.786,1.497,0.0,2.61,3.123,2.582,2.498,9.408
335,Washington,PAC12,2015,34,196.03,195.405,195.536,-0.131,5.2,2.293,2.72,2.186,2.622,9.622
336,West Chester,GEC,2015,65,191.1,191.344,189.471,1.873,0.0,3.115,3.449,3.073,3.431,1000.0
337,West Virginia,Big12,2015,28,195.48,195.325,194.854,0.471,3.8,2.932,2.479,2.29,2.611,11.083
338,Western Michigan,MAC,2015,40,195.06,194.544,194.363,0.181,0.8,1.833,3.134,2.199,2.318,9.375
339,William & Mary,GEC,2015,54,193.77,194.275,192.709,1.566,1.2,0.242,1.524,1.443,0.4,1000.0
340,Winona State,NaN,2015,76,185.955,183.6,184.958,-1.358,0.0,1000.0,0.258,1.399,1.066,1000.0
341,Yale,GEC,2015,63,191.885,191.2,191.281,-0.081,0.4,2.248,2.374,2.601,2.558,9.386
342,Seattle Pacific,NaN,2015,58,193.365,191.267,192.125,-0.858,0.3,2.991,3.272,2.955,3.218,12.905
343,UIC,NaN,2015,60,192.64,191.75,191.354,0.396,0.0,2.146,1.731,1.653,2.803,1000.0
344,Air Force,MPSF,2016,63,191.925,190.77,190.82,-0.05,0.0,2.427,1.945,1.992,2.861,7.79
345,Alabama,SEC,2016,3,197.455,197.067,197.117,-0.05,23.7,2.493,2.554,1.282,2.308,10.068
346,Alaska,MPSF,2016,60,192.605,192.717,191.996,0.721,0.0,2.374,1.966,2.455,2.33,1000.0
347,Arizona,Pac12,2016,21,196.18,196.255,195.414,0.841,2.8,2.449,2.443,4.385,4.127,1000.0
348,Arizona State,Pac12,2016,51,193.905,193.695,193.113,0.582,3.8,2.425,2.725,2.382,2.522,9.433
349,Arkansas,SEC,2016,20,196.575,196.64,196.041,0.599,8.3,2.894,2.301,2.573,2.941,1000.0
350,Auburn,SEC,2016,11,197.15,196.765,196.456,0.309,14.3,2.438,2.823,2.519,2.105,1000.0
351,Ball State,MAC,2016,44,194.81,194.415,193.561,0.854,2.4,2.797,3.0,2.424,2.802,11.462
352,Boise State,MRGC,2016,16,196.57,196.806,196.175,0.631,12.4,2.718,2.802,2.217,2.493,8.805
353,Bowling Green,2763,2016,36,195.455,195.135,194.294,0.841,3.0,1.727,1.623,2.531,1.912,1000.0
354,Bridgeport,GEC,2016,46,195.035,194.494,194.052,0.442,3.2,2.253,3.214,2.518,2.587,1000.0
355,Brockport,NaN,2016,66,190.48,189.215,188.096,1.119,0.0,2.413,3.588,2.719,2.786,9.416
356,Brown,GEC,2016,53,194.015,193.042,192.955,0.087,0.6,2.674,1.968,3.138,3.141,1000.0
357,BYU,MRGC,2016,34,195.55,195.458,194.803,0.655,3.1,2.056,2.188,2.549,3.337,1000.0
358,California,Pac12,2016,7,196.77,196.65,195.989,0.661,9.9,3.286,4.509,2.742,3.378,1000.0
359,Centenary College,MIC,2016,71,189.76,190.242,187.422,2.82,0.3,0.239,1.268,5.094,0.639,1000.0
360,Central Michigan,MAC,2016,33,195.44,194.81,194.944,-0.134,6.4,2.247,2.473,2.535,2.479,9.799
361,Cornell,GEC,2016,56,193.175,191.658,192.759,-1.101,0.7,2.705,3.407,2.223,2.278,9.414
362,Cortland State,NaN,2016,73,187.625,187.475,186.336,1.139,0.0,0.76,3.284,0.978,0.998,6.141
363,Denver,Big12,2016,15,196.725,196.41,196.272,0.138,11.7,2.219,2.35,2.114,2.309,1000.0
364,Eastern Michigan,MAC,2016,17,196.16,195.594,195.572,0.022,5.8,3.143,2.044,2.6,2.871,12.092
365,Florida,SEC,2016,4,197.795,197.845,197.206,0.639,37.2,2.98,2.387,1.563,2.42,9.096
366,George Washington,EAGL,2016,24,195.905,195.725,195.616,0.109,6.4,2.738,3.242,2.447,2.489,10.836
367,Georgia,SEC,2016,6,197.025,196.758,196.384,0.374,21.1,2.716,3.222,2.552,2.384,11.448
368,Gustavus Adolphus,NaN,2016,81,182.01,179.658,181.075,-1.417,0.0,2.205,2.295,2.062,2.163,8.72
369,Hamline,NaN,2016,79,183.095,182.144,181.97,0.174,0.0,1.442,1.385,1.722,1.858,3.708
370,Illinois,Big10,2016,25,195.87,195.556,195.55,0.006,8.3,2.367,2.58,2.178,2.643,1000.0
371,Illinois State,MIC,2016,61,192.63,192.275,191.579,0.696,1.0,2.582,2.67,2.687,1.914,11.177
372,Iowa,Big10,2016,23,196.33,195.308,195.566,-0.258,5.9,3.047,1.97,1.676,4.11,9.761
373,Iowa State,Big12,2016,38,195.35,195.39,194.657,0.733,3.6,2.844,2.835,2.344,2.682,9.444
374,Ithaca College,NaN,2016,78,184.665,184.238,185.2,-0.962,0.0,3.15,2.279,1.808,3.203,1000.0
375,Kent State,MAC,2016,32,195.595,195.67,194.614,1.056,7.3,3.445,2.914,2.407,1000.0,1000.0
376,Kentucky,SEC,2016,22,196.205,195.765,195.759,0.006,4.4,2.396,2.218,2.563,2.195,8.688
377,Lindenwood,MIC,2016,49,194.73,194.454,193.056,1.398,1.7,1000.0,0.721,0.932,0.527,1000.0
378,LSU,SEC,2016,2,197.7,197.34,197.188,0.152,33.9,2.922,2.306,1.942,3.998,11.636
379,Maryland,Big10,2016,39,195.235,194.9,194.614,0.286,0.7,2.084,4.041,3.067,3.491,1000.0
380,Michigan,Big10,2016,13,197.13,197.008,196.779,0.229,22.6,3.054,2.605,2.875,2.945,9.569
381,Michigan State,Big10,2016,28,195.42,194.312,195.133,-0.821,4.1,2.275,2.415,2.102,2.742,8.912
382,Minnesota,BIG10,2016,12,196.495,195.658,196.286,-0.628,11.6,2.267,2.419,2.562,2.505,1000.0
383,Missouri,SEC,2016,19,196.24,196.095,195.722,0.373,7.9,3.401,3.006,3.058,3.47,11.884
384,Nebraska,Big10,2016,8,196.715,196.558,195.889,0.669,12.1,2.342,2.893,2.254,2.966,9.756
385,North Carolina State,EAGL,2016,37,195.375,195.9,194.867,1.033,4.5,2.416,2.663,2.985,2.616,10.239
386,Northern Illinois,MAC,2016,45,194.78,194.388,194.238,0.15,1.7,3.821,4.451,3.018,2.832,1000.0
387,Ohio State,Big10,2016,29,195.885,195.619,195.278,0.341,3.1,2.623,3.307,2.888,2.906,10.885
388,Oklahoma,Big12,2016,1,197.922,197.67,197.576,0.094,39.8,1.51,1.692,2.444,1.04,8.203
389,Oregon State,PAC12,2016,14,196.575,196.255,196.071,0.184,8.9,2.825,2.486,2.068,2.377,8.747
390,Penn State,Big10,2016,26,195.96,195.19,195.754,-0.564,8.4,2.779,2.491,2.587,2.948,9.888
391,Pennsylvania,GEC,2016,64,191.79,191.212,191.397,-0.185,0.4,2.357,2.556,2.593,2.585,1000.0
392,Pittsburgh,EAGL,2016,48,194.53,194.065,193.264,0.801,4.7,2.231,2.036,2.253,2.245,1000.0
393,Rhode Island College,NaN,2016,82,177.69,178.588,177.121,1.467,0.0,2.316,2.714,1.863,2.531,10.681
394,Rutgers,Big10,2016,43,194.93,194.156,194.116,0.04,1.4,2.24,2.974,2.595,2.343,9.075
395,S.E. Missouri,MIC,2016,55,193.275,193.255,192.281,0.974,0.6,1.498,2.034,2.394,2.221,8.882
396,Sacramento State,MPSF,2016,40,195.185,195.065,194.542,0.523,3.7,1.747,3.04,1.626,1.761,1000.0
397,San Jose State,MPSF,2016,46,194.74,193.33,194.675,-1.345,0.4,2.196,2.32,2.203,2.703,2.106
398,Southern Conn.,GEC,2016,70,190.05,188.412,189.188,-0.776,0.0,1.395,1000.0,1.786,2.011,1000.0
399,Southern Utah,MRGC,2016,27,196.05,195.77,195.457,0.313,5.2,1.42,1.886,2.424,2.945,13.264
400,Springfield College,NaN,2016,75,185.75,185.112,184.92,0.192,0.0,0.277,2.184,1.437,1.875,3.449
401,Stanford,PAC12,2016,10,196.445,196.1,196.142,-0.042,14.0,2.094,1.931,2.937,2.405,1000.0
402,Temple,EAGL,2016,66,191.625,190.838,190.786,0.052,0.0,2.178,1.614,2.943,3.204,1000.0
403,Texas Woman's,MIC,2016,59,193.015,192.113,192.114,-0.001,0.0,2.679,3.165,4.193,3.429,1000.0
404,Towson,EAGL,2016,50,194.285,194.2,193.428,0.772,1.9,2.43,2.813,2.672,2.697,9.602
405,UC Davis,MPSF,2016,42,195.045,194.988,194.0,0.988,1.9,2.639,2.082,2.382,2.705,1000.0
406,UCLA,Pac12,2016,5,197.06,196.963,196.591,0.372,20.9,1.974,1.614,1.752,2.091,1000.0
407,Ursinus College,NaN,2016,72,187.795,188.575,187.192,1.383,0.0,2.744,1000.0,1000.0,2.69,1000.0
408,Utah,Pac12,2016,9,197.205,196.896,196.884,0.012,22.0,2.872,3.661,2.412,3.772,13.205
409,Utah State,MRGC,2016,30,195.525,194.92,195.186,-0.266,2.4,2.647,2.887,2.513,2.92,10.944
410,UW-Eau Claire,NaN,2016,77,184.945,184.108,185.096,-0.988,0.0,2.899,2.708,2.239,2.442,1000.0
411,UW-La Crosse,NaN,2016,68,190.45,189.219,189.021,0.198,0.4,2.648,3.264,1000.0,3.3,1000.0
412,UW-Oshkosh,NaN,2016,76,185.035,185.267,183.196,2.071,0.0,0.305,1.098,1.615,0.125,1000.0
413,UW-Stout,NaN,2016,80,182.62,181.158,182.463,-1.305,0.5,2.145,1.004,1.653,0.391,2.785
414,UW-Whitewater,NaN,2016,69,190.39,189.55,189.489,0.061,0.0,2.366,3.168,1.926,2.966,9.141
415,Washington,PAC12,2016,18,196.36,195.454,195.593,-0.139,5.4,1000.0,4.238,2.328,1000.0,1000.0
416,West Chester,GEC,2016,65,191.745,191.95,190.629,1.321,0.0,1000.0,1000.0,4.205,3.086,1000.0
417,West Virginia,Big12,2016,31,195.94,195.985,195.197,0.788,6.7,2.436,2.588,2.542,2.55,9.64
418,Western Michigan,MAC,2016,41,195.095,194.858,194.213,0.645,1.0,1.824,2.48,2.175,3.166,9.124
419,William & Mary,GEC,2016,57,192.88,191.983,191.347,0.636,0.0,3.385,2.383,3.098,3.0,1000.0
420,Winona State,NaN,2016,74,186.395,184.542,185.244,-0.702,0.4,1.259,1.842,2.477,2.336,9.348
421,Yale,GEC,2016,62,192.165,190.825,191.689,-0.864,0.0,1.786,2.369,2.281,2.005,7.21
422,Seattle Pacific,NaN,2016,54,193.87,191.662,192.535,-0.873,1.2,2.451,3.165,2.154,2.33,1000.0
423,UIC,NaN,2016,58,192.815,192.158,192.003,0.155,0.4,2.145,2.802,2.988,2.036,11.29
424,Air Force,MPSF,2017,57,193.68,192.519,192.853,-0.334,0.0,2.322,2.39,2.513,2.431,1000.0
425,Alabama,SEC,2017,6,197.455,197.26,196.748,0.512,23.9,1.651,3.873,1.43,1.722,11.41
426,Alaska,MPSF,2017,68,191.175,190.356,190.304,0.052,0.8,3.34,3.713,3.558,4.381,15.134
427,Arizona,Pac12,2017,26,195.88,195.345,195.411,-0.066,6.1,2.336,2.16,2.807,2.157,1000.0
428,Arizona State,Pac12,2017,41,195.145,194.56,194.183,0.377,0.4,2.159,2.325,2.906,2.902,1000.0
429,Arkansas,SEC,2017,19,195.885,195.667,195.385,0.282,5.0,2.65,2.431,2.334,2.742,9.592
430,Auburn,SEC,2017,15,196.36,195.965,195.944,0.021,6.6,1.406,1.381,2.003,0.905,8.296
431,Ball State,MAC,2017,43,194.975,194.594,194.475,0.119,1.7,0.279,2.06,2.384,1.593,1000.0
432,Boise State,MRGC,2017,13,196.91,197.133,196.447,0.686,16.2,1.419,1.765,2.183,1.853,4.704
433,Bowling Green,2763,2017,46,194.75,194.729,193.489,1.24,2.3,2.403,2.724,2.723,2.7,10.644
434,Bridgeport,GEC,2017,51,194.88,194.363,194.029,0.334,6.1,3.164,3.306,2.463,3.665,11.514
435,Brockport,NaN,2017,66,191.42,191.275,188.869,2.406,0.3,2.779,1.9,2.95,1.585,1000.0
436,Brown,GEC,2017,60,193.34,192.381,192.689,-0.308,0.3,2.402,2.285,3.789,3.889,1000.0
437,BYU,MRGC,2017,33,195.495,195.56,194.688,0.872,3.2,2.244,2.57,2.296,2.586,10.516
438,California,Pac12,2017,16,196.515,196.3,196.057,0.243,8.3,2.566,2.021,2.399,2.771,1000.0
439,Centenary College,MIC,2017,70,190.475,190.567,188.375,2.192,0.0,2.793,2.218,2.652,1.965,10.235
440,Central Michigan,MAC,2017,25,195.91,195.042,195.104,-0.062,9.7,0.4,2.937,3.939,3.637,1000.0
441,Cornell,GEC,2017,55,194.235,192.875,193.534,-0.659,1.7,2.461,2.988,4.027,2.905,11.98
442,Cortland State,NaN,2017,74,188.255,187.925,185.663,2.262,0.0,0.382,1000.0,0.46,1000.0,1000.0
443,Denver,Big12,2017,9,197.075,196.95,196.37,0.58,14.0,2.019,2.389,2.705,2.912,8.733
444,Eastern Michigan,MAC,2017,27,195.97,194.995,195.506,-0.511,5.5,4.011,3.617,3.142,3.061,14.038
445,Florida,SEC,2017,3,197.787,197.65,197.364,0.286,34.3,1.929,1.888,2.735,1.174,10.722
446,George Washington,EAGL,2017,23,196.34,196.044,195.906,0.138,4.7,3.251,1000.0,2.488,2.761,1000.0
447,Georgia,SEC,2017,12,197.005,196.875,196.263,0.612,16.5,0.273,1.059,2.97,2.826,2.342
448,Gustavus Adolphus,NaN,2017,81,184.85,183.513,183.021,0.492,0.0,5.398,2.482,3.237,3.657,14.819
449,Illinois,Big10,2017,21,196.365,196.062,195.807,0.255,7.7,2.734,2.556,3.109,2.806,11.148
450,Illinois State,MIC,2017,58,193.51,193.2,192.988,0.212,1.1,2.771,3.14,2.039,2.179,10.675
451,Iowa,Big10,2017,18,196.51,195.908,195.753,0.155,8.8,0.21,1.631,0.799,0.888,1.801
452,Iowa State,Big12,2017,29,195.75,194.96,195.522,-0.562,5.1,1000.0,2.128,1.75,1.697,1000.0
453,Ithaca College,NaN,2017,77,187.235,185.75,186.288,-0.538,0.0,1000.0,1.713,2.558,2.266,1000.0
454,Kent State,MAC,2017,34,195.72,195.625,194.854,0.771,7.2,2.309,3.05,2.524,2.73,1000.0
455,Kentucky,SEC,2017,14,196.845,196.695,196.134,0.561,12.8,3.801,2.744,2.959,3.453,11.29
456,Lindenwood,MIC,2017,50,194.9,194.506,193.597,0.909,2.0,1.736,2.729,2.83,2.726,10.587
457,LSU,SEC,2017,2,197.963,197.787,197.74,0.047,43.5,1000.0,2.6,1000.0,3.258,1000.0
458,Maryland,Big10,2017,37,195.41,194.64,194.566,0.074,2.5,2.603,2.661,1.984,2.326,7.092
459,Michigan,Big10,2017,10,197.31,197.37,196.502,0.868,23.4,1.736,1.79,1.768,2.38,9.17
460,Michigan State,Big10,2017,40,195.155,194.79,194.454,0.336,4.8,1.177,0.008,0.194,1.512,0.362
461,Minnesota,BIG10,2017,30,195.555,195.435,194.829,0.606,5.9,2.526,2.419,3.11,2.53,1000.0
462,Missouri,SEC,2017,17,196.54,196.36,196.075,0.285,10.9,2.201,2.473,2.636,2.613,10.821
463,Nebraska,Big10,2017,7,196.88,196.581,196.164,0.417,13.9,3.07,2.735,2.701,2.845,9.5
464,New Hampshire,EAGL,2017,35,195.745,195.825,194.786,1.039,3.3,2.683,2.371,2.4,2.502,1000.0
465,North Carolina,EAGL,2017,36,195.43,195.267,194.606,0.661,4.5,2.74,2.558,2.305,3.069,7.624
466,North Carolina State,EAGL,2017,44,194.82,195.146,193.683,1.463,2.9,2.448,2.38,2.417,2.152,10.92
467,Northern Illinois,MAC,2017,39,195.26,194.912,194.429,0.483,4.4,2.364,2.636,2.777,2.538,9.212
468,Ohio State,Big10,2017,24,195.86,195.68,195.546,0.134,4.1,2.211,2.314,2.221,2.265,9.251
469,Oklahoma,Big12,2017,1,198.14,197.781,197.942,-0.161,50.3,3.448,2.966,2.018,2.752,9.574
470,Oregon State,PAC12,2017,11,197.115,196.99,196.27,0.72,17.6,3.545,0.117,2.842,3.778,29.475
471,Penn State,Big10,2017,31,195.615,195.425,194.696,0.729,7.2,2.856,3.087,3.018,2.628,10.824
472,Pennsylvania,GEC,2017,62,193.055,192.0,192.261,-0.261,0.8,3.738,2.473,4.034,3.01,1000.0
473,Pittsburgh,EAGL,2017,53,194.335,194.162,193.753,0.409,1.7,2.483,2.306,2.742,2.446,1000.0
474,Rutgers,Big10,2017,49,194.47,194.16,193.439,0.721,1.0,3.163,2.64,2.723,3.017,8.012
475,S.E. Missouri,MIC,2017,64,192.33,192.15,190.75,1.4,1.0,2.947,3.314,2.396,3.852,9.566
476,Sacramento State,MPSF,2017,46,194.745,194.092,194.228,-0.136,1.1,2.862,2.472,2.025,2.195,1000.0
477,San Jose State,MPSF,2017,48,194.61,195.05,193.65,1.4,1.5,2.271,2.394,2.126,2.273,3.614
478,Southern Conn.,GEC,2017,69,190.705,189.6,189.336,0.264,0.0,3.261,3.464,3.061,2.099,1000.0
479,Southern Utah,MRGC,2017,22,196.38,196.285,195.682,0.603,8.0,2.462,2.632,2.576,2.621,10.46
480,Springfield College,NaN,2017,73,188.58,189.025,186.036,2.989,0.0,0.636,4.006,1.445,2.418,1000.0
481,Stanford,PAC12,2017,28,195.975,196.194,194.534,1.66,7.7,3.305,-5.724,2.515,3.348,2.033
482,Temple,EAGL,2017,54,194.155,194.1,193.403,0.697,0.3,1.949,1.393,2.233,2.517,8.34
483,Texas Woman's,MIC,2017,52,194.975,194.43,193.244,1.186,1.4,2.94,3.075,2.611,2.537,10.037
484,Towson,EAGL,2017,45,194.755,194.655,193.932,0.723,2.7,0.082,0.961,1.019,0.386,2.352
485,UC Davis,MPSF,2017,42,195.105,194.771,194.667,0.104,2.7,2.21,1.958,2.561,3.825,9.495
486,UCLA,Pac12,2017,4,197.57,197.125,197.183,-0.058,29.2,2.72,2.482,3.057,2.535,11.335
487,Ursinus College,NaN,2017,71,190.46,189.175,189.725,-0.55,0.4,2.026,2.104,2.545,2.526,13.984
488,Utah,Pac12,2017,5,197.55,197.215,197.06,0.155,26.5,2.166,1.803,2.092,1.978,6.836
489,Utah State,MRGC,2017,32,195.915,195.65,194.794,0.856,2.4,2.167,2.34,2.659,2.237,1000.0
490,UW-Eau Claire,NaN,2017,78,186.09,184.908,185.525,-0.617,0.0,1000.0,2.099,1000.0,1000.0,1000.0
491,UW-La Crosse,NaN,2017,72,190.29,189.3,189.2,0.1,0.0,3.053,4.111,1.807,2.453,1000.0
492,UW-Oshkosh,NaN,2017,79,185.84,180.608,185.904,-5.296,0.0,3.434,2.979,2.193,1.828,10.039
493,UW-Stout,NaN,2017,76,187.5,186.45,186.592,-0.142,0.0,2.641,2.776,2.285,2.947,10.731
494,UW-Whitewater,NaN,2017,66,191.73,191.275,190.264,1.011,0.0,2.104,1000.0,2.257,1000.0,1000.0
495,Washington,PAC12,2017,8,196.757,196.74,196.155,0.585,13.2,2.532,2.555,2.61,2.381,9.679
496,West Chester,GEC,2017,61,193.395,193.59,191.947,1.643,1.3,3.047,2.569,2.771,2.723,10.823
497,West Virginia,Big12,2017,20,196.02,195.985,195.247,0.738,7.9,2.473,2.345,2.351,2.453,8.217
498,Western Michigan,MAC,2017,38,195.425,194.275,194.961,-0.686,2.4,0.955,2.59,3.953,1000.0,1000.0
499,William & Mary,GEC,2017,63,192.91,192.433,191.894,0.539,0.4,3.188,3.054,2.818,3.098,12.994
500,Winona State,NaN,2017,75,187.535,186.344,186.359,-0.015,0.0,2.574,3.983,2.167,2.686,1000.0
501,Yale,GEC,2017,59,193.455,192.55,192.586,-0.036,0.3,3.007,3.434,2.557,2.534,10.958
502,Seattle Pacific,NaN,2017,65,192.635,191.312,191.828,-0.516,1.0,3.801,2.524,3.307,2.752,10.445
503,UIC,NaN,2017,56,193.775,193.637,192.859,0.778,0.3,0.506,0.887,2.717,1.696,1000.0
504,Air Force,MPSF,2018,57,194.635,194.09,193.761,0.329,2.0,2.982,2.815,3.42,3.301,13.018
505,Alabama,SEC,2018,8,197.21,196.886,196.811,0.075,25.1,2.378,2.321,2.755,2.72,9.691
506,Alaska,MPSF,2018,69,190.805,189.975,189.725,0.25,0.0,3.293,2.91,2.954,3.147,9.109
507,Arizona,Pac12,2018,38,195.65,195.796,195.215,0.581,5.1,2.792,1.84,2.53,2.71,1000.0
508,Arizona State,Pac12,2018,23,196.57,196.194,195.956,0.238,6.9,2.276,1.771,1000.0,1.933,1000.0
509,Arkansas,SEC,2018,10,196.905,197.005,196.181,0.824,16.8,2.827,3.242,2.774,3.039,11.752
510,Auburn,SEC,2018,14,196.625,196.37,195.8,0.57,12.6,2.581,2.273,3.568,3.01,9.124
511,Ball State,MAC,2018,42,195.235,194.183,194.581,-0.398,2.1,2.594,1.434,2.093,2.732,1000.0
512,Boise State,MRGC,2018,16,196.745,196.419,196.425,-0.006,11.6,2.6,2.724,2.748,2.443,1000.0
513,Bowling Green,2763,2018,40,195.495,195.431,194.961,0.47,4.7,2.559,3.518,2.817,3.088,12.02
514,Bridgeport,GEC,2018,55,194.385,193.425,193.707,-0.282,1.8,2.464,2.495,2.425,2.476,9.534
515,Brockport,NaN,2018,68,190.82,187.625,189.9,-2.275,0.7,1.259,1.254,1.636,1.963,1000.0
516,Brown,GEC,2018,60,193.36,192.342,192.21,0.132,0.0,2.657,2.779,2.586,2.972,1000.0
517,BYU,MRGC,2018,17,196.43,196.263,195.856,0.407,7.4,2.853,2.324,2.635,3.182,1000.0
518,California,Pac12,2018,9,196.905,196.9,195.942,0.958,14.3,2.693,2.641,2.673,3.0,9.375
519,Centenary College,MIC,2018,71,190.225,188.615,187.654,0.961,0.0,2.725,2.322,2.849,2.728,10.8
520,Central Michigan,MAC,2018,29,195.88,196.167,194.903,1.264,10.7,2.331,3.65,2.554,2.413,1000.0
521,Cornell,GEC,2018,59,193.665,192.992,192.99,0.002,0.6,3.528,3.164,1.808,2.232,11.505
522,Cortland State,NaN,2018,73,188.575,188.131,185.891,2.24,0.0,2.075,2.142,2.356,2.4,11.832
523,Denver,Big12,2018,15,196.79,196.87,196.247,0.623,23.8,3.048,2.787,2.822,3.655,11.835
524,Eastern Michigan,MAC,2018,47,195.08,194.68,194.557,0.123,2.4,3.674,2.92,2.547,2.972,9.75
525,Florida,SEC,2018,3,197.787,197.755,197.029,0.726,40.5,3.045,2.514,2.513,2.607,9.923
526,George Washington,EAGL,2018,25,196.46,196.388,195.685,0.703,9.1,3.117,2.684,2.558,3.357,1000.0
527,Georgia,SEC,2018,7,196.653,196.783,196.064,0.719,17.4,2.309,2.925,2.888,2.321,1000.0
528,Gustavus Adolphus,NaN,2018,81,181.28,180.9,179.083,1.817,0.0,2.883,3.498,1000.0,2.678,1000.0
529,Illinois,Big10,2018,19,196.4,195.675,195.812,-0.137,7.6,3.205,2.692,2.509,3.052,9.398
530,Illinois State,MIC,2018,64,192.56,191.75,191.411,0.339,0.3,1.761,2.524,2.188,3.309,9.9
531,Iowa,Big10,2018,33,195.775,195.475,195.115,0.36,4.8,1000.0,4.481,2.591,2.841,1000.0
532,Iowa State,Big12,2018,24,196.085,195.842,195.7,0.142,6.7,2.487,2.209,2.251,2.393,8.014
533,Ithaca College,NaN,2018,70,190.41,189.056,189.318,-0.262,0.0,2.659,3.142,3.754,2.732,1000.0
534,Kent State,MAC,2018,34,195.855,195.57,194.943,0.627,10.1,2.593,3.468,2.79,3.127,1000.0
535,Kentucky,SEC,2018,12,196.87,196.305,196.579,-0.274,12.8,1000.0,2.848,2.34,2.937,1000.0
536,Lindenwood,MIC,2018,43,195.405,194.967,194.193,0.774,2.9,2.954,2.622,3.018,2.864,17.39
537,LSU,SEC,2018,4,197.963,197.704,197.539,0.165,38.3,2.94,1000.0,2.481,3.016,1000.0
538,Maryland,Big10,2018,26,195.96,195.77,195.275,0.495,5.0,2.123,2.561,2.459,2.646,8.434
539,Michigan,Big10,2018,13,197.16,196.965,196.6,0.365,21.3,1000.0,2.391,2.149,2.48,1000.0
540,Michigan State,Big10,2018,49,194.845,194.117,193.592,0.525,1.4,2.241,2.548,2.813,2.666,9.061
541,Minnesota,BIG10,2018,22,196.255,195.83,195.736,0.094,15.5,2.852,2.351,3.002,2.022,11.096
542,Missouri,SEC,2018,20,196.4,196.606,195.697,0.909,8.3,3.982,1000.0,2.715,2.71,1000.0
543,Nebraska,Big10,2018,6,196.973,196.725,196.399,0.326,16.9,2.724,2.974,2.7,3.229,11.95
544,New Hampshire,EAGL,2018,31,195.94,195.275,195.278,-0.003,5.4,2.256,2.366,1.825,2.553,1000.0
545,North Carolina,EAGL,2018,39,195.515,195.225,195.154,0.071,10.1,1000.0,1.829,3.087,4.251,1000.0
546,North Carolina State,EAGL,2018,20,196.44,196.146,195.625,0.521,6.0,3.678,3.381,3.095,4.028,11.436
547,Northern Illinois,MAC,2018,41,195.485,194.663,194.956,-0.293,4.4,3.271,3.101,2.434,3.306,1000.0
548,Ohio State,Big10,2018,18,196.275,196.345,195.331,1.014,8.6,2.244,2.573,2.513,2.492,9.119
549,Oklahoma,Big12,2018,2,198.12,198.035,197.811,0.224,49.4,3.367,3.191,3.117,3.684,15.646
550,Oregon State,PAC12,2018,27,196.78,196.955,196.082,0.873,12.2,2.649,2.606,2.738,2.13,8.079
551,Penn State,Big10,2018,32,195.985,195.196,195.693,-0.497,10.2,2.451,2.595,2.546,2.995,9.266
552,Pennsylvania,GEC,2018,61,193.42,193.042,192.525,0.517,1.0,3.688,2.632,2.264,2.39,9.62
553,Pittsburgh,EAGL,2018,30,195.87,194.988,195.028,-0.04,1.4,2.883,3.131,2.429,3.175,10.443
554,Rhode Island College,NaN,2018,82,178.545,178.192,177.414,0.778,0.0,0.262,1.702,0.511,0.59,2.109
555,Rutgers,Big10,2018,56,194.32,193.713,193.879,-0.166,1.0,2.777,3.469,3.723,2.699,10.556
556,S.E. Missouri,MIC,2018,63,192.985,192.025,191.944,0.081,1.2,2.412,2.606,2.308,2.181,8.185
557,Sacramento State,MPSF,2018,51,194.74,194.337,193.297,1.04,0.3,2.626,1.535,3.358,2.271,11.491
558,San Jose State,MPSF,2018,50,194.78,194.356,194.518,-0.162,2.6,2.098,2.215,0.362,1000.0,1000.0
559,Southern Conn.,GEC,2018,66,191.755,190.712,190.43,0.282,0.0,3.281,2.495,3.163,3.147,12.372
560,Southern Utah,MRGC,2018,35,195.915,195.496,195.143,0.353,4.6,2.197,2.77,2.194,2.594,1000.0
561,Springfield College,NaN,2018,74,187.325,188.5,186.825,1.675,0.5,1000.0,3.71,1000.0,1000.0,1000.0
562,Stanford,PAC12,2018,28,196.08,195.912,195.663,0.249,16.0,2.153,2.085,2.232,2.232,8.633
563,Temple,EAGL,2018,48,195.015,194.925,193.864,1.061,0.6,2.77,2.828,2.493,2.563,10.456
564,Texas Woman's,MIC,2018,52,195.01,194.954,193.229,1.725,4.3,2.652,2.952,1000.0,2.328,1000.0
565,Towson,EAGL,2018,44,195.165,195.463,193.961,1.502,3.2,1.41,1.728,1000.0,1000.0,18.338
566,UC Davis,MPSF,2018,45,195.145,195.03,194.596,0.434,3.7,2.632,2.611,2.666,3.467,12.586
567,UCLA,Pac12,2018,1,197.93,197.595,197.606,-0.011,39.7,1.316,1.557,2.042,1.393,0.932
568,Ursinus College,NaN,2018,75,187.31,187.05,186.718,0.332,0.0,0.194,0.2,-0.22,-0.029,-0.375
569,Utah,Pac12,2018,5,197.545,197.475,197.214,0.261,32.4,2.275,2.659,2.279,2.251,1000.0
570,Utah State,MRGC,2018,37,195.685,195.8,195.003,0.797,5.5,3.202,2.174,2.554,2.768,8.674
571,UW-Eau Claire,NaN,2018,79,185.14,185.025,184.217,0.808,0.0,4.574,1.044,1.731,3.316,1000.0
572,UW-La Crosse,NaN,2018,67,191.01,189.192,190.243,-1.051,0.0,2.475,2.009,1.854,2.885,1000.0
573,UW-Oshkosh,NaN,2018,80,184.435,182.75,185.035,-2.285,0.0,2.262,2.608,2.179,2.938,9.665
574,UW-Stout,NaN,2018,77,185.315,186.067,183.308,2.759,0.0,2.412,3.099,4.673,1.989,1000.0
575,UW-Whitewater,NaN,2018,71,190.245,189.738,189.484,0.254,0.4,3.389,1.82,2.179,1.818,10.669
576,Washington,PAC12,2018,11,196.96,196.83,196.358,0.472,12.8,2.86,2.644,3.184,2.938,10.688
577,West Chester,GEC,2018,62,193.07,192.119,192.409,-0.29,0.3,1.983,2.159,2.278,2.132,8.887
578,West Virginia,Big12,2018,36,196.07,195.481,195.561,-0.08,6.4,2.356,2.356,2.238,2.151,1000.0
579,Western Michigan,MAC,2018,46,195.11,195.085,193.757,1.328,3.8,3.385,3.024,2.38,3.338,13.778
580,William & Mary,GEC,2018,58,193.655,193.625,193.047,0.578,0.0,2.834,2.725,2.494,2.594,13.417
581,Winona State,NaN,2018,78,185.31,184.487,184.91,-0.423,0.0,1.638,2.844,2.691,3.014,1000.0
582,Yale,GEC,2018,53,194.68,193.483,193.703,-0.22,2.7,2.884,2.576,2.345,3.248,10.139
583,Seattle Pacific,NaN,2018,65,192.54,191.875,190.9,0.975,0.0,2.393,2.591,2.18,3.12,8.947
584,UIC,NaN,2018,54,194.445,194.3,193.75,0.55,0.6,2.67,2.939,2.719,2.659,10.408
585,Air Force,MPSF,2019,53,194.6,194.225,193.32,0.905,3.1,2.681,2.66,3.077,2.646,12.162
586,Alabama,SEC,2019,12,197.14,196.19,197.044,-0.854,18.2,0.341,2.059,2.474,0.496,1.931
587,Alaska,MPSF,2019,60,193.15,191.79,192.854,-1.064,1.9,1000.0,4.825,2.709,4.427,1000.0
588,Arizona,Pac12,2019,35,195.7,195.61,195.041,0.569,5.3,1.155,-0.109,2.699,2.635,1000.0
589,Arizona State,Pac12,2019,25,196.32,196.075,195.744,0.331,7.7,4.675,1000.0,2.201,2.312,1000.0
590,Arkansas,SEC,2019,18,196.38,196.125,195.931,0.194,11.5,2.88,2.829,2.769,3.021,10.05
591,Auburn,SEC,2019,16,196.83,196.445,196.278,0.167,13.4,2.956,2.694,2.311,2.666,10.183
592,Ball State,MAC,2019,45,194.895,194.844,194.056,0.788,1.7,2.182,2.933,2.485,2.4,9.518
593,Boise State,MRGC,2019,15,196.725,196.619,196.35,0.269,13.9,2.664,2.546,2.491,2.722,10.095
594,Bowling Green,2763,2019,52,194.455,194.2,192.55,1.65,4.5,4.183,3.34,2.781,3.564,1000.0
595,Bridgeport,GEC,2019,44,195.23,195.065,194.183,0.882,3.0,2.692,2.22,2.372,2.567,9.269
596,Brockport,NaN,2019,68,190.73,189.525,189.753,-0.228,0.4,4.139,5.78,3.352,1.67,1000.0
597,Brown,GEC,2019,62,192.66,193.013,190.844,2.169,0.6,1.684,1.81,1.617,3.264,10.346
598,BYU,MRGC,2019,21,196.57,196.425,195.812,0.613,9.6,3.256,2.085,2.402,3.453,1000.0
599,California,Pac12,2019,11,196.93,196.875,196.262,0.613,14.5,2.507,2.615,2.612,2.735,10.503
600,Centenary College,MIC,2019,67,190.785,190.035,188.904,1.131,0.0,2.6,2.398,2.997,2.888,11.275
601,Central Michigan,MAC,2019,33,195.735,195.445,194.9,0.545,3.2,1.014,3.508,1.978,1.324,14.405
602,Cornell,GEC,2019,59,193.55,193.112,192.436,0.676,2.2,2.935,3.215,2.309,3.157,1000.0
603,Cortland State,NaN,2019,76,186.155,186.135,184.121,2.014,0.4,3.086,2.532,2.554,3.74,11.615
604,Denver,Big12,2019,4,197.57,197.32,197.071,0.249,27.2,2.912,3.023,2.476,3.027,9.664
605,Eastern Michigan,MAC,2019,48,194.675,194.912,193.812,1.1,1.4,3.06,2.276,2.642,2.816,1000.0
606,Florida,SEC,2019,10,197.76,197.645,197.432,0.213,42.0,2.753,2.967,2.691,2.745,9.33
607,George Washington,EAGL,2019,32,195.45,194.9,195.018,-0.118,1.1,2.355,2.56,2.511,2.714,9.146
608,Georgia,SEC,2019,8,197.36,197.269,196.573,0.696,28.3,2.721,2.108,2.792,3.024,9.445
609,Gustavus Adolphus,NaN,2019,80,183.76,184.1,181.957,2.143,0.0,1.994,1.801,1.242,1.592,6.423
610,Hamline,NaN,2019,78,184.165,184.35,182.568,1.782,0.0,1000.0,1000.0,3.499,3.084,1000.0
611,Illinois,Big10,2019,23,195.935,194.992,195.403,-0.411,6.7,2.019,2.603,2.676,3.519,1000.0
612,Illinois State,MIC,2019,56,193.885,193.142,192.405,0.737,0.6,2.601,2.45,2.308,2.492,8.844
613,Iowa,Big10,2019,31,195.8,195.055,195.075,-0.02,5.6,3.369,3.645,2.651,2.944,12.046
614,Iowa State,Big12,2019,20,196.145,195.54,195.544,-0.004,6.4,2.853,2.962,2.737,3.367,1000.0
615,Ithaca College,NaN,2019,69,189.6,189.375,188.45,0.925,0.4,2.931,2.926,1.939,3.987,1000.0
616,Kent State,MAC,2019,38,195.335,194.725,193.971,0.754,2.6,2.624,3.375,2.604,3.453,1000.0
617,Kentucky,SEC,2019,9,197.26,196.63,196.536,0.094,17.3,2.779,2.916,2.665,2.947,9.952
618,Lindenwood,MIC,2019,36,195.515,194.762,194.936,-0.174,1.9,2.399,1000.0,2.771,3.102,1000.0
619,LSU,SEC,2019,2,197.885,197.469,197.282,0.187,31.7,2.745,2.612,2.262,3.086,1000.0
620,Maryland,Big10,2019,30,195.84,194.965,195.306,-0.341,2.7,3.258,2.772,3.304,3.425,10.901
621,Michigan,Big10,2019,5,197.36,196.912,196.894,0.018,23.1,2.396,2.5,2.406,2.503,9.575
622,Michigan State,Big10,2019,41,195.215,194.331,194.862,-0.531,3.4,2.603,2.288,3.093,3.026,9.469
623,Minnesota,BIG10,2019,13,196.92,196.669,196.34,0.329,19.8,2.506,2.398,2.496,2.304,1000.0
624,Missouri,SEC,2019,17,196.47,196.095,195.972,0.123,5.5,3.066,2.602,2.549,3.266,1000.0
625,Nebraska,Big10,2019,14,196.815,196.735,196.086,0.649,17.9,1.029,1.99,1.381,1.376,2.373
626,New Hampshire,EAGL,2019,34,195.68,195.417,194.944,0.473,5.3,2.212,3.113,2.178,2.672,1000.0
627,North Carolina,EAGL,2019,49,194.615,194.787,193.582,1.205,6.6,2.783,2.831,2.943,2.411,11.309
628,North Carolina State,EAGL,2019,28,195.72,195.725,195.13,0.595,3.6,3.164,2.661,2.995,4.27,1000.0
629,Northern Illinois,MAC,2019,40,195.25,194.66,194.671,-0.011,3.8,2.971,2.646,2.743,2.886,9.309
630,Ohio State,Big10,2019,29,195.99,195.869,195.275,0.594,4.5,3.14,2.395,3.148,2.715,11.08
631,Oklahoma,Big12,2019,1,198.288,197.955,197.891,0.064,53.9,2.501,3.09,2.908,2.485,11.798
632,Oregon State,PAC12,2019,6,196.845,196.607,196.314,0.293,16.7,2.209,2.449,2.185,2.265,8.87
633,Penn State,Big10,2019,24,196.08,195.775,195.5,0.275,6.7,1.554,3.609,2.123,3.147,1000.0
634,Pennsylvania,GEC,2019,57,193.665,193.462,192.422,1.04,0.0,2.117,2.269,2.695,2.224,8.987
635,Pittsburgh,EAGL,2019,43,194.95,194.725,194.286,0.439,0.4,3.365,3.09,3.376,3.556,10.814
636,Rutgers,Big10,2019,47,194.775,194.85,193.572,1.278,3.8,2.629,2.196,2.178,2.97,1000.0
637,S.E. Missouri,MIC,2019,70,189.045,188.825,186.578,2.247,0.7,2.971,2.223,2.117,3.044,8.874
638,Sacramento State,MPSF,2019,64,192.51,191.294,192.311,-1.017,0.4,2.627,3.216,2.556,2.678,13.537
639,San Jose State,MPSF,2019,54,194.165,193.5,193.662,-0.162,2.8,3.018,3.364,3.322,3.498,13.074
640,Southern Conn.,GEC,2019,65,191.915,191.613,191.19,0.423,0.0,3.046,3.337,2.62,2.912,11.843
641,Southern Utah,MRGC,2019,26,196.045,195.24,195.675,-0.435,3.5,2.549,2.415,2.525,2.719,9.85
642,Springfield College,NaN,2019,73,187.645,188.442,186.55,1.892,0.0,2.689,2.47,3.314,1.74,1000.0
643,Stanford,PAC12,2019,22,196.05,195.731,195.634,0.097,4.5,3.045,2.761,2.509,2.657,1000.0
644,Temple,EAGL,2019,46,194.865,194.781,193.814,0.967,1.3,3.038,2.737,2.744,2.434,10.218
645,Texas Woman's,MIC,2019,55,193.945,193.83,192.541,1.289,0.6,2.363,2.482,2.362,2.379,10.747
646,Towson,EAGL,2019,58,193.595,193.35,192.806,0.544,1.1,2.148,2.531,2.306,2.176,11.166
647,UC Davis,MPSF,2019,39,195.265,194.835,194.764,0.071,3.1,2.993,2.713,1000.0,2.181,1000.0
648,UCLA,Pac12,2019,3,198.07,197.79,197.763,0.027,44.0,2.546,2.986,2.759,3.264,11.087
649,Ursinus College,NaN,2019,77,184.37,184.812,183.663,1.149,0.0,2.647,2.08,2.347,2.442,1000.0
650,Utah,Pac12,2019,7,197.535,197.4,197.223,0.177,28.2,2.312,2.335,2.331,2.303,9.687
651,Utah State,MRGC,2019,42,195.035,194.781,194.882,-0.101,4.8,3.872,2.269,1.735,1000.0,1000.0
652,UW-Eau Claire,NaN,2019,81,183.355,182.933,182.192,0.741,0.0,1000.0,5.696,1.934,1000.0,1000.0
653,UW-La Crosse,NaN,2019,75,186.95,186.887,186.515,0.372,0.0,2.189,2.779,2.379,2.503,9.971
654,UW-Oshkosh,NaN,2019,71,188.535,184.613,187.404,-2.791,0.0,2.542,2.575,2.373,2.561,8.892
655,UW-Stout,NaN,2019,71,188.82,188.363,188.095,0.268,0.0,2.712,1.15,3.253,2.675,8.207
656,UW-Whitewater,NaN,2019,74,187.615,187.733,186.075,1.658,0.0,1.804,2.147,1.603,1.131,9.842
657,Washington,PAC12,2019,19,196.505,196.187,196.222,-0.035,10.5,2.838,3.013,2.686,2.814,11.143
658,West Chester,GEC,2019,61,192.79,191.617,191.975,-0.358,0.3,2.702,2.481,2.531,2.77,1000.0
659,West Virginia,Big12,2019,27,195.845,195.68,195.353,0.327,7.1,2.638,2.602,2.261,2.719,9.68
660,Western Michigan,MAC,2019,50,194.53,194.375,193.668,0.707,1.4,3.315,3.644,2.875,3.634,1000.0
661,William & Mary,GEC,2019,63,192.52,192.683,191.686,0.997,1.3,3.349,1000.0,2.373,3.768,1000.0
662,Winona State,NaN,2019,79,183.91,181.658,183.832,-2.174,0.0,1.109,2.572,2.784,1.993,14.373
663,Yale,GEC,2019,51,194.46,193.712,194.353,-0.641,1.4,0.535,1.797,1.471,1.964,2.448
664,UIC,NaN,2019,37,195.64,194.95,195.173,-0.223,2.4,1000.0,2.671,2.548,2.42,1000.0
665,Air Force,MPSF,2021,53,193.285,193.533,192.011,1.522,0.7,4.388,3.617,3.965,3.81,1000.0
666,Alabama,SEC,2021,5,197.545,197.181,197.178,0.003,28.8,2.324,2.698,2.474,2.684,8.557
667,Arizona,Pac12,2021,27,195.63,194.981,195.375,-0.394,3.8,2.508,2.014,2.603,2.791,8.702
668,Arizona State,Pac12,2021,9,197.0,196.64,196.456,0.184,15.5,2.426,2.432,2.436,2.793,8.107
669,Arkansas,SEC,2021,13,197.145,197.056,196.696,0.36,26.0,2.857,2.35,2.024,2.896,1000.0
670,Auburn,SEC,2021,35,196.705,196.744,195.905,0.839,15.3,2.045,2.064,2.036,2.224,9.304
671,Ball State,MAC,2021,37,195.4,194.356,195.329,-0.973,4.1,3.005,2.46,2.586,2.916,9.053
672,Boise State,MRGC,2021,24,196.6,196.55,195.9,0.65,9.9,3.72,2.222,2.631,2.811,1000.0
673,Bowling Green,2763,2021,50,193.16,192.525,193.3,-0.775,0.9,3.342,2.329,2.805,3.01,10.526
674,BYU,MRGC,2021,19,196.98,197.031,196.467,0.564,14.7,3.46,2.265,2.359,1.9,1000.0
675,California,Pac12,2021,7,197.575,197.125,197.258,-0.133,30.6,2.428,2.637,2.592,3.487,10.499
676,Centenary College,MIC,2021,55,189.42,189.012,188.421,0.591,0.0,2.397,2.964,2.339,2.791,1000.0
677,Central Michigan,MAC,2021,26,196.045,196.233,194.907,1.326,9.1,2.725,2.829,2.541,2.836,1000.0
678,Denver,Big12,2021,10,197.175,196.755,196.946,-0.191,25.4,2.825,2.414,2.7,2.83,10.771
679,Eastern Michigan,MAC,2021,32,195.795,195.212,195.128,0.084,4.0,3.427,3.092,2.443,2.671,11.889
680,Florida,SEC,2021,4,197.83,197.719,197.522,0.197,40.1,2.182,1.826,2.208,2.558,9.006
681,George Washington,EAGL,2021,46,0.0,195.675,194.512,1.163,3.3,3.112,2.558,3.063,2.431,1000.0
682,Georgia,SEC,2021,18,196.54,196.675,196.29,0.385,14.8,2.209,2.68,2.601,2.476,1000.0
683,Gustavus Adolphus,NaN,2021,63,0.0,177.188,181.863,-4.675,0.0,2.416,2.69,2.269,3.35,10.119
684,Hamline,NaN,2021,62,0.0,179.338,180.3,-0.962,0.0,2.527,2.89,1.717,2.654,9.816
685,Illinois,Big10,2021,20,196.51,196.608,196.15,0.458,9.5,2.615,2.474,1.964,2.5,8.931
686,Illinois State,MIC,2021,43,194.885,193.983,193.229,0.754,3.3,2.613,3.262,2.402,2.713,9.805
687,Iowa,Big10,2021,17,196.715,196.644,196.461,0.183,18.6,3.576,4.29,2.472,3.783,15.525
688,Iowa State,Big12,2021,21,196.485,196.113,196.025,0.088,12.5,1.925,2.674,2.448,1.302,1000.0
689,Kent State,MAC,2021,31,195.57,195.29,195.089,0.201,6.2,3.164,3.044,3.167,2.901,1000.0
690,Kentucky,SEC,2021,11,197.0,196.681,196.704,-0.023,19.9,2.848,2.53,2.734,2.39,9.845
691,Lindenwood,MIC,2021,44,195.06,194.417,193.984,0.433,1.8,3.087,2.769,2.817,3.879,9.676
692,LIU,EAGL,2021,54,191.365,191.017,190.76,0.257,1.1,1.683,1.637,1.445,2.287,3.975
693,LSU,SEC,2021,6,197.702,197.419,197.383,0.036,37.2,2.725,2.768,2.976,3.225,9.667
694,Maryland,Big10,2021,30,195.65,195.438,195.369,0.069,6.6,2.057,2.385,2.189,2.375,8.937
695,Michigan,Big10,2021,1,197.948,196.662,197.848,-1.186,42.0,2.412,2.398,2.05,2.617,9.324
696,Michigan State,Big10,2021,56,0.0,195.775,194.5,1.275,4.2,2.825,2.596,2.937,2.76,10.525
697,Minnesota,BIG10,2021,8,197.49,197.295,196.852,0.443,33.1,2.815,2.053,2.672,2.272,1000.0
698,Missouri,SEC,2021,14,196.465,195.963,196.011,-0.048,9.9,2.73,2.833,2.707,2.633,9.317
699,Nebraska,Big10,2021,39,195.415,194.6,195.308,-0.708,7.0,2.201,2.265,1.939,2.135,3.558
700,New Hampshire,EAGL,2021,38,195.205,194.881,194.587,0.294,6.1,2.518,2.685,2.689,2.86,10.189
701,North Carolina,EAGL,2021,41,195.325,195.725,195.171,0.554,5.0,2.792,2.629,2.748,2.728,11.685
702,North Carolina State,EAGL,2021,15,196.335,196.035,195.788,0.247,8.3,3.181,2.831,2.835,3.017,13.864
703,Northern Illinois,MAC,2021,45,195.0,194.575,194.243,0.332,3.0,2.422,3.047,2.337,3.328,10.416
704,Ohio State,Big10,2021,16,196.145,196.188,195.569,0.619,5.3,2.413,2.594,2.531,3.383,1000.0
705,Oklahoma,Big12,2021,2,198.075,197.06,197.689,-0.629,40.1,3.551,2.489,2.399,3.746,12.56
706,Oregon State,PAC12,2021,22,196.27,194.875,196.025,-1.15,14.9,2.458,2.578,2.587,2.688,9.637
707,Penn State,Big10,2021,33,195.58,195.044,195.439,-0.395,5.2,2.228,2.597,2.541,2.26,9.911
708,Pittsburgh,EAGL,2021,49,194.19,194.242,193.26,0.982,2.0,3.162,2.465,2.273,1.974,9.222
709,Rutgers,Big10,2021,40,195.165,193.706,195.05,-1.344,4.8,3.403,2.43,2.349,3.481,8.178
710,S.E. Missouri,MIC,2021,47,194.655,194.385,192.758,1.627,3.3,2.541,3.03,2.518,2.672,7.512
711,San Jose State,MPSF,2021,51,0.0,194.375,193.717,0.658,0.0,2.293,2.143,2.194,2.578,8.999
712,Southern Utah,MRGC,2021,23,196.405,196.512,195.806,0.706,9.8,2.655,2.874,2.447,3.015,1000.0
713,Stanford,PAC12,2021,52,0.0,194.025,193.183,0.842,5.0,2.597,2.05,2.662,2.877,9.612
714,Temple,EAGL,2021,36,195.46,194.269,194.988,-0.719,3.1,2.425,2.383,2.604,2.204,8.522
715,Texas Woman's,MIC,2021,48,194.255,192.475,193.794,-1.319,2.2,2.457,2.021,2.657,2.152,0.957
716,Towson,EAGL,2021,29,195.765,195.065,195.078,-0.013,3.9,2.782,2.785,2.613,2.765,9.344
717,UCLA,Pac12,2021,12,197.04,196.719,196.779,-0.06,27.4,2.772,2.656,2.74,3.821,8.279
718,Utah,Pac12,2021,3,197.665,197.285,197.468,-0.183,31.5,2.155,2.407,3.141,3.072,14.641
719,Utah State,MRGC,2021,25,196.365,195.744,196.068,-0.324,4.9,2.555,2.025,2.88,2.718,1000.0
720,UW-Eau Claire,NaN,2021,64,0.0,180.087,174.887,5.2,0.0,1.774,2.029,2.563,2.417,1000.0
721,UW-La Crosse,NaN,2021,58,0.0,187.613,188.25,-0.637,0.0,2.776,2.833,1.403,2.801,1000.0
722,UW-Oshkosh,NaN,2021,59,0.0,185.962,186.287,-0.325,0.0,2.577,3.496,2.439,4.389,16.148
723,UW-Stout,NaN,2021,60,0.0,183.562,183.012,0.55,0.0,2.793,2.451,1.681,2.392,10.873
724,UW-Whitewater,NaN,2021,65,0.0,188.05,188.25,-0.2,0.0,2.981,3.846,2.8,2.612,12.575
725,Washington,PAC12,2021,42,194.72,194.53,194.185,0.345,6.6,2.099,2.543,2.973,2.433,10.25
726,West Virginia,Big12,2021,28,195.725,195.46,195.171,0.289,4.2,2.834,3.206,3.158,3.215,12.222
727,Western Michigan,MAC,2021,34,195.34,194.956,194.95,0.006,4.5,2.793,2.349,2.828,3.307,10.392
728,William & Mary,GEC,2021,57,0.0,190.85,190.125,0.725,0.0,2.974,2.293,3.079,2.99,11.259
729,Winona State,NaN,2021,61,0.0,179.55,179.662,-0.112,0.0,0.163,2.392,2.136,1000.0,1000.0
730,Air Force,MPSF,2022,54,195.03,194.469,193.902,0.567,1.4,2.718,2.509,2.957,2.53,9.489
731,Alabama,SEC,2022,7,197.935,197.715,197.392,0.323,41.1,2.837,2.571,2.211,3.053,8.399
732,Alaska,MPSF,2022,64,191.695,188.733,190.886,-2.153,0.0,2.814,3.315,1.03,1.325,8.865
733,Arizona,Pac12,2022,26,196.495,195.865,196.088,-0.223,10.9,2.79,2.307,2.715,2.827,9.437
734,Arizona State,Pac12,2022,22,196.905,196.737,196.596,0.141,17.0,2.314,1.687,1.945,1.012,-0.037
735,Arkansas,SEC,2022,16,196.92,196.295,196.644,-0.349,19.7,2.82,2.148,3.015,2.49,1000.0
736,Auburn,SEC,2022,4,197.808,197.79,197.349,0.441,35.4,2.553,2.471,2.503,2.508,9.548
737,Ball State,MAC,2022,48,195.585,194.675,194.878,-0.203,3.2,1000.0,3.353,2.729,2.966,1000.0
738,Boise State,MRGC,2022,27,196.6,196.081,196.417,-0.336,16.2,2.163,1000.0,2.164,2.195,1000.0
739,Bowling Green,2763,2022,56,194.245,193.475,193.297,0.178,1.0,3.062,2.935,2.889,2.711,11.822
740,Bridgeport,GEC,2022,70,188.515,188.7,187.171,1.529,1.8,2.343,2.717,2.629,2.686,8.909
741,Brockport,NaN,2022,63,192.285,189.75,191.531,-1.781,0.8,2.84,2.104,4.124,3.596,1000.0
742,Brown,GEC,2022,59,194.2,193.6,192.467,1.133,2.9,2.828,2.557,3.137,3.141,1000.0
743,BYU,MRGC,2022,24,196.675,196.795,196.25,0.545,15.4,3.017,3.163,2.465,3.936,1000.0
744,California,Pac12,2022,11,197.44,197.335,197.078,0.257,28.8,2.797,1.64,3.106,1.572,8.764
745,Centenary College,MIC,2022,72,188.135,189.108,187.529,1.579,0.0,1.812,2.717,2.763,3.357,8.451
746,Central Michigan,MAC,2022,37,196.14,195.425,195.107,0.318,7.0,2.501,2.642,2.429,1.82,1000.0
747,Cornell,GEC,2022,62,192.2,191.656,191.636,0.02,0.4,2.609,2.842,2.181,2.742,10.348
748,Cortland State,NaN,2022,77,183.825,185.783,181.917,3.866,0.0,2.213,1.883,2.321,2.63,2.608
749,Denver,Big12,2022,13,197.125,196.75,196.75,0.0,20.5,2.373,2.473,2.658,2.701,1000.0
750,Eastern Michigan,MAC,2022,52,194.88,194.737,193.596,1.141,3.4,2.982,2.747,2.557,2.79,1000.0
751,Florida,SEC,2022,2,198.26,197.835,198.004,-0.169,55.0,2.656,2.852,2.744,2.785,10.875
752,George Washington,EAGL,2022,39,196.075,195.613,195.317,0.296,6.7,2.722,2.282,3.23,2.869,1000.0
753,Georgia,SEC,2022,30,196.575,196.13,196.018,0.112,13.9,1000.0,2.237,2.455,1000.0,1000.0
754,Gustavus Adolphus,NaN,2022,80,182.235,181.575,182.881,-1.306,0.0,1000.0,2.607,1000.0,1.094,1000.0
755,Hamline,NaN,2022,81,180.525,179.608,180.744,-1.136,0.0,1000.0,0.824,0.108,1000.0,1000.0
756,Illinois,Big10,2022,19,196.97,196.713,196.119,0.594,16.2,1.91,-0.15,1.491,3.517,1000.0
757,Illinois State,MIC,2022,51,195.23,194.3,194.25,0.05,6.0,2.162,2.636,2.492,2.37,10.263
758,Iowa,Big10,2022,15,196.795,196.256,196.538,-0.282,19.2,1.938,2.591,2.543,2.504,1000.0
759,Iowa State,Big12,2022,25,196.53,196.012,195.936,0.076,10.3,2.284,2.512,2.86,2.144,9.915
760,Ithaca College,NaN,2022,71,189.145,187.969,187.746,0.223,0.0,3.213,2.855,2.88,3.121,12.197
761,Kent State,MAC,2022,41,196.055,195.613,195.757,-0.144,6.6,3.084,2.523,2.897,2.949,1000.0
762,Kentucky,SEC,2022,10,197.51,197.285,197.032,0.253,29.6,2.468,3.088,2.365,2.293,10.343
763,Lindenwood,MIC,2022,53,194.77,193.242,194.32,-1.078,2.5,2.692,2.463,3.287,2.525,1000.0
764,LIU,EAGL,2022,55,194.395,194.544,193.291,1.253,5.2,2.101,1.623,3.224,5.224,1000.0
765,LSU,SEC,2022,18,197.735,197.71,197.133,0.577,40.7,1.973,2.545,2.509,2.901,1000.0
766,Maryland,Big10,2022,29,196.765,196.375,195.778,0.597,10.6,2.377,2.466,2.888,2.909,1000.0
767,Michigan,Big10,2022,8,198.015,197.835,197.629,0.206,48.2,2.214,2.39,2.474,2.357,1000.0
768,Michigan State,Big10,2022,9,197.375,196.94,196.944,-0.004,26.4,1.706,1.767,2.604,2.398,9.834
769,Minnesota,BIG10,2022,6,197.78,197.6,197.136,0.464,37.2,2.616,1000.0,2.07,1000.0,1000.0
770,Missouri,SEC,2022,5,197.37,197.319,196.961,0.358,24.0,2.814,2.283,2.63,2.733,1000.0
771,Nebraska,Big10,2022,38,196.08,195.385,195.754,-0.369,7.9,2.936,1.317,1.934,2.339,1000.0
772,New Hampshire,EAGL,2022,47,195.625,195.15,194.688,0.462,7.8,3.151,3.195,3.552,3.148,1000.0
773,North Carolina,EAGL,2022,32,196.23,195.8,195.694,0.106,9.3,2.867,2.217,2.387,2.795,9.105
774,North Carolina State,EAGL,2022,31,196.33,195.95,195.797,0.153,7.1,2.7,2.276,2.367,3.136,1000.0
775,Northern Illinois,MAC,2022,44,195.79,195.45,194.841,0.609,6.2,2.817,3.558,1.712,3.586,14.207
776,Ohio State,Big10,2022,20,196.94,196.525,196.471,0.054,18.6,2.75,3.184,2.537,3.204,1000.0
777,Oklahoma,Big12,2022,1,198.205,197.91,197.919,-0.009,53.4,3.393,2.625,2.375,2.899,9.254
778,Oregon State,PAC12,2022,17,197.255,196.885,196.992,-0.107,27.6,2.876,2.85,3.948,3.608,10.918
779,Penn State,Big10,2022,40,196.06,195.469,195.611,-0.142,8.6,1.426,2.559,1.381,1.417,1000.0
780,Pennsylvania,GEC,2022,50,195.235,194.233,194.759,-0.526,4.2,2.208,2.297,1.982,2.461,9.838
781,Pittsburgh,EAGL,2022,43,195.86,195.338,195.064,0.274,3.8,1.804,1.817,2.013,2.517,6.053
782,Rhode Island College,NaN,2022,76,184.27,182.7,184.368,-1.668,0.0,2.589,3.322,2.67,2.147,10.599
783,Rutgers,Big10,2022,46,195.735,195.288,195.206,0.082,9.2,2.754,2.434,2.458,3.283,1000.0
784,S.E. Missouri,MIC,2022,59,193.76,194.15,192.775,1.375,6.1,2.506,2.864,2.887,2.636,1000.0
785,Sacramento State,MPSF,2022,58,193.955,194.869,192.429,2.44,3.4,2.792,3.11,3.627,3.249,13.463
786,San Jose State,MPSF,2022,35,196.26,196.108,195.569,0.539,9.1,4.529,2.35,2.86,1000.0,1000.0
787,Southern Conn.,GEC,2022,65,191.31,189.5,190.306,-0.806,0.0,2.4,2.548,3.018,2.114,1000.0
788,Southern Utah,MRGC,2022,28,196.69,196.725,195.643,1.082,10.1,2.191,1000.0,2.182,2.268,1000.0
789,Springfield College,NaN,2022,75,186.095,187.867,183.788,4.079,0.0,3.536,4.067,1.943,2.766,1000.0
790,Stanford,PAC12,2022,14,196.825,196.675,196.205,0.47,15.9,2.223,2.032,2.711,2.563,8.552
791,Temple,EAGL,2022,45,195.77,194.55,195.281,-0.731,4.5,2.757,2.352,2.64,2.585,10.554
792,Texas Woman's,MIC,2022,49,195.435,194.285,194.169,0.116,3.2,2.873,2.78,1.844,2.461,10.026
793,Towson,EAGL,2022,34,196.265,196.029,195.497,0.532,3.6,2.929,2.182,2.928,3.258,10.202
794,UC Davis,MPSF,2022,42,195.915,195.35,195.267,0.083,8.5,2.9,2.727,2.671,2.649,11.528
795,UCLA,Pac12,2022,12,197.5,197.385,196.518,0.867,32.3,3.95,2.731,3.604,2.777,15.886
796,Ursinus College,NaN,2022,74,186.67,187.037,185.588,1.449,0.0,2.582,2.572,2.773,3.039,15.61
797,Utah,Pac12,2022,3,198.005,197.885,197.653,0.232,46.9,2.82,2.62,2.382,2.259,8.8
798,Utah State,MRGC,2022,23,196.645,196.081,196.233,-0.152,13.5,2.612,2.908,2.79,2.999,1000.0
799,UW-Eau Claire,NaN,2022,79,182.57,183.025,182.785,0.24,0.0,2.297,-0.067,1000.0,0.542,1000.0
800,UW-La Crosse,NaN,2022,69,190.015,188.042,190.229,-2.187,0.0,2.629,2.222,0.665,2.659,1000.0
801,UW-Oshkosh,NaN,2022,67,191.46,191.487,190.107,1.38,0.0,3.644,3.262,3.365,3.08,1000.0
802,UW-Stout,NaN,2022,73,187.57,186.842,188.312,-1.47,0.0,2.59,3.229,1.491,1.693,8.271
803,UW-Whitewater,NaN,2022,66,191.41,190.656,189.8,0.856,0.0,3.401,3.506,1.99,2.561,1000.0
804,Washington,PAC12,2022,21,196.825,196.54,195.506,1.034,12.9,3.475,2.648,2.514,3.373,1000.0
805,West Chester,GEC,2022,61,193.34,193.356,193.081,0.275,1.6,2.648,2.656,2.8,3.107,1000.0
806,West Virginia,Big12,2022,33,196.315,195.994,195.894,0.1,9.6,2.6,2.761,2.289,2.461,1000.0
807,Western Michigan,MAC,2022,36,196.215,196.317,195.312,1.005,5.6,2.566,3.355,2.413,3.138,11.135
808,William & Mary,GEC,2022,68,190.29,186.375,190.028,-3.653,0.0,3.168,2.9,2.312,2.903,12.239
809,Winona State,NaN,2022,78,183.615,181.55,183.625,-2.075,0.0,2.297,4.608,2.027,3.319,15.132
810,Yale,GEC,2022,57,194.21,193.375,193.175,0.2,1.1,1.738,1.792,2.037,2.561,9.762
