,Team,Year,NQS,High Score,Home Average,Away Average,Location Delta,Scores >= 9.9
0,Air Force,2009,189.895,191.05,190.185,188.025,2.16,0.0
1,Alabama,2009,197.170,197.575,196.696,196.578,0.118,19.7
2,Alaska,2009,192.330,193.0,189.675,188.832,0.843,0.3
3,Arizona,2009,195.305,195.75,195.445,194.375,1.07,4.1
4,Arizona State,2009,194.850,196.0,194.57,194.354,0.216,6.1
5,Arkansas,2009,196.655,196.95,196.358,196.081,0.277,12.9
6,Auburn,2009,196.410,196.575,196.15,196.129,0.021,11.2
7,Ball State,2009,192.145,193.35,191.019,191.4,-0.381,0.0
8,Boise State,2009,195.735,196.525,195.5,194.672,0.828,5.7
9,Bowling Green,2009,192.805,193.75,192.225,191.939,0.286,0.0
10,Bridgeport,2009,191.400,191.85,189.667,190.14,-0.473,0.0
11,Brockport,2009,185.940,189.15,186.238,185.044,1.194,0.4
12,Brown,2009,188.360,189.575,187.594,187.442,0.152,0.0
13,BYU,2009,192.255,192.725,190.925,191.3,-0.375,0.4
14,California,2009,191.120,191.975,189.433,190.2,-0.767,0.0
15,Centenary College,2009,191.265,192.8,191.988,189.132,2.856,0.0
16,Central Michigan,2009,194.935,195.675,194.319,194.206,0.113,2.4
17,Cornell,2009,191.580,193.4,190.95,190.517,0.433,0.0
18,Cortland State,2009,182.965,184.25,182.006,181.067,0.939,0.0
19,Denver,2009,195.545,196.65,195.242,194.431,0.811,6.2
20,Eastern Michigan,2009,193.030,193.75,193.208,191.669,1.539,0.4
21,Florida,2009,196.785,196.875,196.525,196.375,0.15,16.3
22,George Washington,2009,193.280,194.7,193.481,192.679,0.802,0.7
23,Georgia,2009,197.620,198.2,197.1,197.042,0.058,35.4
24,Gustavus Adolphus,2009,176.105,179.925,175.162,175.362,-0.2,0.0
25,Hamline,2009,178.875,180.3,177.51,176.329,1.181,0.0
26,Illinois,2009,196.335,196.75,195.855,195.214,0.641,6.8
27,Illinois State,2009,192.895,193.775,192.175,191.892,0.283,0.0
28,Iowa,2009,195.090,196.525,194.354,194.646,-0.292,3.5
29,Iowa State,2009,195.465,195.775,194.65,194.95,-0.3,4.2
30,Ithaca College,2009,185.390,187.95,184.692,184.454,0.238,0.0
31,Kent State,2009,195.365,196.75,195.875,193.647,2.228,4.8
32,Kentucky,2009,195.260,196.225,194.245,194.466,-0.221,4.5
33,LSU,2009,196.820,197.4,196.69,196.032,0.658,18.0
34,Maryland,2009,194.595,195.1,194.083,193.239,0.844,1.6
35,Michigan,2009,195.985,197.075,195.58,195.4,0.18,6.3
36,Michigan State,2009,195.140,195.675,194.325,194.859,-0.534,4.5
37,Minnesota,2009,195.710,196.75,195.375,194.396,0.979,4.2
38,Missouri,2009,196.065,196.625,195.765,195.571,0.194,9.1
39,Nebraska,2009,196.075,196.75,195.92,195.622,0.298,9.3
40,New Hampshire,2009,194.595,196.225,194.565,193.378,1.187,2.9
41,North Carolina,2009,194.930,195.95,0.0,194.093,-194.093,3.0
42,North Carolina State,2009,195.025,195.725,194.3,193.633,0.667,3.2
43,Northern Illinois,2009,193.770,194.925,193.85,193.329,0.521,0.8
44,Ohio State,2009,195.880,196.475,195.245,195.3,-0.055,1.4
45,Oklahoma,2009,196.560,197.175,196.156,196.239,-0.083,8.0
46,Oregon State,2009,196.610,197.5,196.545,195.847,0.698,14.8
47,Penn State,2009,196.240,196.65,195.93,195.406,0.524,9.2
48,Pennsylvania,2009,189.650,191.475,187.375,187.964,-0.589,0.0
49,Pittsburgh,2009,194.545,195.3,194.335,193.492,0.843,1.8
50,Rhode Island College,2009,173.355,177.675,172.825,172.015,0.81,0.0
51,Rutgers,2009,189.000,192.05,189.95,187.481,2.469,0.0
52,S.E. Missouri,2009,194.565,195.75,194.9,193.314,1.586,2.0
53,Sacramento State,2009,193.655,195.35,193.235,193.142,0.093,1.5
54,San Jose State,2009,194.650,195.4,193.519,194.422,-0.903,3.1
55,Southern Conn.,2009,187.790,189.425,187.188,186.419,0.769,0.0
56,Southern Utah,2009,195.095,195.675,195.03,193.884,1.146,4.4
57,Springfield College,2009,181.955,184.95,181.533,181.65,-0.117,0.0
58,Stanford,2009,196.825,197.175,196.856,195.994,0.862,12.9
59,Temple,2009,191.200,192.625,191.087,189.81,1.277,0.0
60,Texas Woman's,2009,192.715,193.6,192.465,191.216,1.249,0.3
61,Towson,2009,193.015,193.975,193.375,191.639,1.736,0.3
62,UC Davis,2009,191.985,192.95,192.262,190.981,1.281,0.0
63,UCLA,2009,196.640,197.125,196.525,196.447,0.078,17.7
64,Ursinus College,2009,183.440,184.75,182.8,182.89,-0.09,0.0
65,Utah,2009,197.410,197.8,196.971,197.097,-0.126,26.2
66,Utah State,2009,192.825,193.825,192.346,191.021,1.325,0.3
67,UW-Eau Claire,2009,174.000,175.925,173.575,171.839,1.736,0.0
68,UW-La Crosse,2009,185.875,187.625,182.3,184.557,-2.257,0.4
69,UW-Oshkosh,2009,174.605,179.925,169.867,176.035,-6.168,0.0
70,UW-Stout,2009,179.375,183.825,177.338,178.583,-1.245,0.0
71,UW-Whitewater,2009,185.600,187.675,183.875,183.3,0.575,0.0
72,Washington,2009,194.810,196.0,194.629,193.979,0.65,3.9
73,West Chester,2009,178.520,179.4,178.438,177.689,0.749,0.0
74,West Virginia,2009,195.390,195.925,195.14,194.693,0.447,4.8
75,Western Michigan,2009,191.725,193.025,189.9,190.518,-0.618,0.0
76,William & Mary,2009,190.890,192.25,192.137,188.835,3.302,0.0
77,Winona State,2009,182.880,184.6,181.579,180.188,1.391,0.0
78,Yale,2009,184.130,185.2,184.592,183.27,1.322,0.0
79,Seattle Pacific,2009,189.350,191.7,188.77,188.796,-0.026,0.0
80,UIC,2009,193.735,194.8,193.35,192.275,1.075,1.6
81,Cal State-Fullerton,2009,193.500,194.5,192.895,193.383,-0.488,0.4
82,MIT,2009,180.300,183.9,178.758,178.188,0.57,0.0
83,Air Force,2010,190.320,193.3,187.988,188.008,-0.02,0.3
84,Alabama,2010,197.355,197.575,197.195,196.794,0.401,26.3
85,Alaska,2010,189.840,190.725,187.363,187.936,-0.573,0.0
86,Arizona,2010,195.530,196.175,195.26,194.734,0.526,3.8
87,Arizona State,2010,194.755,195.9,195.2,193.214,1.986,4.8
88,Arkansas,2010,196.660,197.025,196.408,195.981,0.427,14.1
89,Auburn,2010,196.025,196.425,195.535,195.454,0.081,3.8
90,Ball State,2010,193.165,193.925,191.74,191.932,-0.192,0.7
91,Boise State,2010,195.760,196.55,195.75,194.75,1.0,8.3
92,Bowling Green,2010,192.655,194.375,193.006,191.543,1.463,0.0
93,Bridgeport,2010,193.005,194.2,194.2,191.025,3.175,0.2
94,Brockport,2010,187.315,190.05,182.442,186.484,-4.042,0.7
95,Brown,2010,188.990,189.825,187.975,187.375,0.6,0.0
96,BYU,2010,195.155,195.825,194.531,193.934,0.597,1.0
97,California,2010,191.015,192.45,190.55,190.425,0.125,0.0
98,Centenary College,2010,188.695,190.35,188.433,187.371,1.062,0.0
99,Central Michigan,2010,195.425,196.35,193.838,194.681,-0.843,1.3
100,Cornell,2010,191.620,192.675,191.588,189.878,1.71,0.0
101,Cortland State,2010,184.120,186.7,182.825,181.1,1.725,0.0
102,Denver,2010,195.690,196.175,194.992,194.891,0.101,1.4
103,Eastern Michigan,2010,192.270,193.625,190.517,192.014,-1.497,0.0
104,Florida,2010,197.240,197.675,197.061,196.418,0.643,17.3
105,George Washington,2010,192.500,193.65,191.031,190.458,0.573,0.0
106,Georgia,2010,196.915,197.9,196.742,196.136,0.606,18.7
107,Gustavus Adolphus,2010,171.805,175.275,170.619,170.26,0.359,0.0
108,Hamline,2010,168.240,175.1,168.131,169.567,-1.436,0.0
109,Illinois,2010,196.255,196.65,195.74,195.042,0.698,7.6
110,Illinois State,2010,193.535,194.4,192.207,192.812,-0.605,0.0
111,Iowa,2010,195.140,195.575,193.904,194.209,-0.305,0.6
112,Iowa State,2010,195.890,196.225,194.637,195.411,-0.774,1.3
113,Ithaca College,2010,182.800,187.85,183.681,181.215,2.466,0.0
114,Kent State,2010,195.120,195.9,194.975,193.879,1.096,1.4
115,Kentucky,2010,195.640,196.225,195.204,195.421,-0.217,5.1
116,LSU,2010,196.485,197.15,196.175,195.906,0.269,13.9
117,Maryland,2010,194.640,195.825,194.375,193.772,0.603,3.5
118,Michigan,2010,196.600,196.9,195.245,196.194,-0.949,13.3
119,Michigan State,2010,195.122,195.95,194.427,194.692,-0.265,1.8
120,Minnesota,2010,195.235,195.35,194.938,193.622,1.316,2.6
121,Missouri,2010,196.125,196.875,195.918,195.157,0.761,10.4
122,Nebraska,2010,196.310,196.625,195.867,195.934,-0.067,7.7
123,New Hampshire,2010,194.750,195.2,194.954,193.136,1.818,1.9
124,North Carolina,2010,194.575,196.225,194.342,193.972,0.37,4.2
125,North Carolina State,2010,195.085,196.15,194.99,194.012,0.978,3.2
126,Northern Illinois,2010,192.510,193.2,190.769,192.132,-1.363,0.0
127,Ohio State,2010,194.570,195.525,194.65,193.081,1.569,0.3
128,Oklahoma,2010,197.280,197.95,197.035,196.863,0.172,24.9
129,Oregon State,2010,196.545,196.925,196.185,196.244,-0.059,16.0
130,Penn State,2010,196.230,196.725,196.018,195.096,0.922,16.7
131,Pennsylvania,2010,189.945,191.275,188.775,185.611,3.164,0.0
132,Pittsburgh,2010,194.015,195.175,193.43,192.908,0.522,1.5
133,Rhode Island College,2010,167.865,170.9,168.367,167.244,1.123,0.0
134,Rutgers,2010,190.760,192.675,190.085,189.25,0.835,0.3
135,S.E. Missouri,2010,193.850,195.125,194.45,191.846,2.604,0.9
136,Sacramento State,2010,193.445,194.75,192.575,192.711,-0.136,0.7
137,San Jose State,2010,193.710,195.075,193.5,192.794,0.706,2.1
138,Southern Conn.,2010,188.910,191.0,184.825,187.923,-3.098,0.0
139,Southern Utah,2010,195.705,196.35,195.61,194.912,0.698,5.7
140,Springfield College,2010,182.640,185.3,183.32,181.438,1.882,0.0
141,Stanford,2010,196.700,197.1,196.406,196.36,0.046,14.2
142,Temple,2010,190.410,191.375,189.525,189.135,0.39,0.0
143,Texas Woman's,2010,193.165,195.25,193.614,191.363,2.251,0.3
144,Towson,2010,193.085,193.45,192.825,191.322,1.503,1.4
145,UC Davis,2010,193.885,194.6,193.642,192.088,1.554,0.3
146,UCLA,2010,197.505,197.875,196.75,196.686,0.064,29.0
147,Ursinus College,2010,0,184.575,180.895,183.275,-2.38,0.0
148,Utah,2010,196.690,196.975,196.639,195.978,0.661,17.0
149,Utah State,2010,191.945,193.725,191.858,190.534,1.324,0.0
150,UW-Eau Claire,2010,175.155,180.325,173.858,175.525,-1.667,0.0
151,UW-La Crosse,2010,183.990,186.775,182.5,182.411,0.089,0.0
152,UW-Oshkosh,2010,177.385,182.7,174.225,176.211,-1.986,0.0
153,UW-Stout,2010,178.880,186.1,175.4,174.812,0.588,0.0
154,UW-Whitewater,2010,183.725,185.775,183.142,182.683,0.459,0.0
155,Washington,2010,195.420,195.8,194.688,194.787,-0.099,2.1
156,West Chester,2010,180.060,182.3,180.767,178.45,2.317,0.0
157,West Virginia,2010,194.885,195.65,194.779,193.571,1.208,0.6
158,Western Michigan,2010,192.165,193.825,191.74,190.619,1.121,0.0
159,William & Mary,2010,190.765,191.775,188.867,188.819,0.048,0.0
160,Winona State,2010,181.165,185.25,178.869,178.872,-0.003,0.0
161,Yale,2010,189.200,191.0,188.542,188.278,0.264,0.0
162,Seattle Pacific,2010,189.365,192.85,190.608,188.064,2.544,0.3
163,UIC,2010,192.385,193.65,190.715,190.775,-0.06,0.6
164,Wilson College,2010,169.045,171.3,170.3,168.671,1.629,0.0
165,Cal State-Fullerton,2010,192.350,193.875,192.08,190.925,1.155,0.4
166,Air Force,2011,191.043,193.3,191.966,188.477,3.489,0.0
167,Alabama,2011,197.300,197.675,196.708,196.731,-0.023,26.1
168,Alaska,2011,190.370,192.25,191.863,189.029,2.834,0.0
169,Arizona,2011,195.440,195.625,194.94,194.636,0.304,3.8
170,Arizona State,2011,193.885,195.75,194.355,192.304,2.051,2.6
171,Arkansas,2011,196.230,196.7,195.755,195.633,0.122,8.3
172,Auburn,2011,195.425,195.925,195.22,194.862,0.358,4.4
173,Ball State,2011,192.960,194.525,192.081,192.287,-0.206,0.3
174,Boise State,2011,196.135,197.05,195.676,195.663,0.013,8.9
175,Bowling Green,2011,190.865,193.8,189.338,189.975,-0.637,0.0
176,Bridgeport,2011,192.485,194.05,191.3,191.769,-0.469,1.4
177,Brockport,2011,185.995,189.1,186.75,183.241,3.509,0.0
178,Brown,2011,190.300,193.675,189.283,189.271,0.012,0.0
179,BYU,2011,195.105,195.8,195.15,194.266,0.884,1.3
180,California,2011,192.405,194.175,192.619,191.796,0.823,0.8
181,Centenary College,2011,190.960,192.645,183.85,190.287,-6.437,0.0
182,Central Michigan,2011,195.300,195.9,195.338,194.403,0.935,1.4
183,Cornell,2011,191.655,193.1,191.15,191.019,0.131,0.7
184,Cortland State,2011,186.030,190.9,185.458,183.405,2.053,0.0
185,Denver,2011,195.435,196.375,195.25,194.512,0.738,4.7
186,Eastern Michigan,2011,191.345,194.075,191.425,190.093,1.332,0.0
187,Florida,2011,197.175,197.725,197.09,196.716,0.374,24.9
188,George Washington,2011,193.205,194.1,192.756,192.136,0.62,0.4
189,Georgia,2011,196.555,197.225,196.543,195.896,0.647,17.0
190,Gustavus Adolphus,2011,174.410,178.35,169.292,173.442,-4.15,0.0
191,Hamline,2011,180.255,182.775,178.333,179.533,-1.2,0.0
192,Illinois,2011,196.030,196.975,195.731,195.357,0.374,5.9
193,Illinois State,2011,193.050,194.0,192.844,191.409,1.435,0.3
194,Iowa,2011,195.820,196.45,195.685,194.786,0.899,3.8
195,Iowa State,2011,195.325,196.35,195.083,194.836,0.247,2.8
196,Ithaca College,2011,185.160,188.05,183.812,183.981,-0.169,0.0
197,Kent State,2011,195.370,195.95,195.208,195.039,0.169,5.4
198,Kentucky,2011,195.090,195.65,194.82,194.136,0.684,3.5
199,LSU,2011,195.650,196.35,195.42,194.557,0.863,4.8
200,Maryland,2011,195.100,195.75,194.215,194.153,0.062,2.9
201,Michigan,2011,196.645,197.075,196.158,196.106,0.052,14.6
202,Michigan State,2011,194.435,195.45,193.331,193.166,0.165,0.0
203,Minnesota,2011,195.405,196.125,195.571,194.718,0.853,2.2
204,Missouri,2011,194.785,195.4,195.0,193.7,1.3,1.7
205,Nebraska,2011,196.680,197.3,196.13,196.01,0.12,11.5
206,New Hampshire,2011,194.835,195.375,194.755,194.217,0.538,0.6
207,North Carolina,2011,194.630,195.65,193.906,193.607,0.299,0.0
208,North Carolina State,2011,195.155,196.075,194.554,194.771,-0.217,2.5
209,Northern Illinois,2011,192.685,194.025,191.205,191.042,0.163,0.0
210,Ohio State,2011,195.800,196.1,195.45,195.225,0.225,4.2
211,Oklahoma,2011,197.030,197.35,196.408,196.581,-0.173,15.6
212,Oregon State,2011,196.855,197.2,196.375,196.232,0.143,13.6
213,Penn State,2011,196.235,197.075,196.056,195.4,0.656,11.3
214,Pennsylvania,2011,190.690,191.95,189.596,190.02,-0.424,0.0
215,Pittsburgh,2011,193.040,193.6,192.56,192.2,0.36,0.4
216,Rhode Island College,2011,159.635,164.425,158.712,161.294,-2.582,0.0
217,Rutgers,2011,193.135,194.35,192.944,191.894,1.05,0.7
218,S.E. Missouri,2011,193.875,195.075,193.975,192.563,1.412,1.4
219,Sacramento State,2011,192.025,194.675,190.825,191.317,-0.492,0.4
220,San Jose State,2011,194.626,195.55,194.288,193.606,0.682,2.1
221,Southern Conn.,2011,187.915,188.45,185.6,186.986,-1.386,0.0
222,Southern Utah,2011,194.925,195.75,194.846,193.964,0.882,1.6
223,Springfield College,2011,179.950,183.15,178.4,178.895,-0.495,0.0
224,Stanford,2011,196.710,196.975,196.667,196.225,0.442,14.5
225,Temple,2011,190.940,191.6,186.725,190.07,-3.345,0.0
226,Texas Woman's,2011,193.610,194.15,193.45,191.778,1.672,0.3
227,Towson,2011,192.385,193.4,192.706,191.354,1.352,0.0
228,UC Davis,2011,193.150,194.175,192.656,192.764,-0.108,0.4
229,UCLA,2011,197.055,197.475,196.51,196.208,0.302,18.4
230,Ursinus College,2011,182.655,186.6,180.134,182.242,-2.108,0.0
231,Utah,2011,196.605,196.975,196.479,196.356,0.123,9.2
232,Utah State,2011,192.935,194.55,193.22,192.0,1.22,0.0
233,UW-Eau Claire,2011,182.555,185.1,178.662,181.408,-2.746,0.0
234,UW-La Crosse,2011,186.095,191.175,183.85,183.616,0.234,0.0
235,UW-Oshkosh,2011,180.635,184.9,181.5,178.65,2.85,0.0
236,UW-Stout,2011,182.330,184.15,181.331,180.181,1.15,0.0
237,UW-Whitewater,2011,187.020,190.05,186.988,183.97,3.018,0.0
238,Washington,2011,195.685,196.075,195.275,195.343,-0.068,5.2
239,West Chester,2011,184.620,186.05,184.706,183.012,1.694,0.0
240,West Virginia,2011,194.955,195.725,194.81,193.925,0.885,2.2
241,Western Michigan,2011,194.105,194.975,193.037,193.491,-0.454,0.0
242,William & Mary,2011,189.750,192.5,190.642,188.206,2.436,0.0
243,Winona State,2011,182.385,183.95,178.875,181.004,-2.129,0.0
244,Yale,2011,185.320,187.425,185.608,182.45,3.158,0.0
245,Seattle Pacific,2011,190.880,191.25,188.931,189.919,-0.988,0.0
246,UIC,2011,193.440,195.1,193.281,191.434,1.847,0.3
247,Wilson College,2011,167.185,171.2,166.938,165.95,0.988,0.0
248,Cal State-Fullerton,2011,190.040,191.65,188.742,190.508,-1.766,0.5
249,Air Force,2012,191.890,193.025,191.917,190.227,1.69,0.0
250,Alabama,2012,197.565,197.85,197.33,196.978,0.352,28.1
251,Alaska,2012,189.365,192.625,189.77,187.987,1.783,0.0
252,Arizona,2012,196.020,196.525,195.75,195.209,0.541,6.0
253,Arizona State,2012,195.145,195.875,194.413,194.568,-0.155,0.7
254,Arkansas,2012,196.785,197.225,196.614,195.994,0.62,19.2
255,Auburn,2012,195.965,196.875,196.246,194.743,1.503,7.3
256,Ball State,2012,192.715,194.025,192.82,191.028,1.792,0.3
257,Boise State,2012,196.115,196.85,195.633,195.596,0.037,9.7
258,Bowling Green,2012,193.630,193.975,193.206,192.494,0.712,0.7
259,Bridgeport,2012,195.375,196.35,195.15,193.575,1.575,6.9
260,Brockport,2012,188.125,190.8,187.533,187.091,0.442,0.0
261,Brown,2012,191.100,192.25,189.158,190.971,-1.813,0.0
262,BYU,2012,194.685,195.525,193.744,193.994,-0.25,2.0
263,California,2012,193.280,194.825,193.094,192.378,0.716,0.0
264,Centenary College,2012,191.170,193.2,192.267,188.897,3.37,0.0
265,Central Michigan,2012,194.855,195.675,193.583,193.922,-0.339,0.9
266,Cornell,2012,190.900,192.425,190.644,189.65,0.994,0.0
267,Cortland State,2012,188.050,189.1,186.692,186.111,0.581,0.0
268,Denver,2012,196.090,196.725,195.746,195.003,0.743,7.4
269,Eastern Michigan,2012,193.045,193.85,192.925,192.218,0.707,0.0
270,Florida,2012,197.710,197.9,197.445,197.061,0.384,29.5
271,George Washington,2012,193.120,194.05,192.406,192.194,0.212,0.3
272,Georgia,2012,197.100,197.7,197.15,196.603,0.547,20.9
273,Gustavus Adolphus,2012,172.775,174.975,171.375,171.529,-0.154,0.0
274,Hamline,2012,177.855,180.6,177.613,176.721,0.892,0.0
275,Illinois,2012,195.700,196.15,195.538,194.982,0.556,4.7
276,Illinois State,2012,194.150,194.8,193.16,193.3,-0.14,0.0
277,Iowa,2012,195.085,195.875,194.689,194.608,0.081,1.9
278,Iowa State,2012,195.490,196.025,195.006,194.394,0.612,2.8
279,Ithaca College,2012,184.845,188.075,185.869,183.295,2.574,0.0
280,Kent State,2012,195.400,196.4,195.55,194.036,1.514,3.4
281,Kentucky,2012,195.490,196.025,194.93,194.516,0.414,1.0
282,LSU,2012,196.595,196.85,196.225,195.914,0.311,11.0
283,Maryland,2012,194.905,195.95,194.38,194.378,0.002,4.8
284,Michigan,2012,195.985,196.325,195.092,195.562,-0.47,9.4
285,Michigan State,2012,194.940,195.55,194.029,193.656,0.373,2.1
286,Minnesota,2012,195.960,196.25,195.154,195.134,0.02,1.2
287,Missouri,2012,195.865,196.375,195.325,195.114,0.211,8.3
288,Nebraska,2012,197.030,197.6,196.295,196.778,-0.483,23.5
289,New Hampshire,2012,195.120,195.8,195.104,193.654,1.45,2.6
290,North Carolina,2012,195.010,195.75,194.655,194.196,0.459,3.7
291,North Carolina State,2012,195.925,196.775,195.621,195.05,0.571,3.3
292,Northern Illinois,2012,194.040,195.1,192.492,193.162,-0.67,0.7
293,Ohio State,2012,196.510,197.625,196.562,195.756,0.806,8.0
294,Oklahoma,2012,197.360,197.475,196.99,196.858,0.132,18.1
295,Oregon State,2012,196.790,197.4,196.74,196.253,0.487,14.1
296,Penn State,2012,196.230,196.65,196.138,195.833,0.305,11.1
297,Pennsylvania,2012,193.020,194.4,192.537,191.936,0.601,0.6
298,Pittsburgh,2012,194.500,195.375,194.51,193.221,1.289,0.7
299,Rhode Island College,2012,172.070,175.425,171.25,171.686,-0.436,0.0
300,Rutgers,2012,192.775,193.85,191.865,192.486,-0.621,1.0
301,S.E. Missouri,2012,192.120,194.425,193.0,189.358,3.642,1.1
302,Sacramento State,2012,194.470,195.675,193.12,193.675,-0.555,2.0
303,San Jose State,2012,194.790,195.85,194.825,194.014,0.811,2.9
304,Southern Conn.,2012,189.260,191.175,189.35,188.166,1.184,0.8
305,Southern Utah,2012,194.465,195.875,194.231,193.531,0.7,2.1
306,Springfield College,2012,183.970,185.625,185.008,181.679,3.329,0.0
307,Stanford,2012,196.715,197.5,195.8,196.435,-0.635,18.2
308,Temple,2012,191.750,193.275,193.275,190.395,2.88,0.4
309,Texas Woman's,2012,194.065,195.125,193.385,193.392,-0.007,1.4
310,Towson,2012,194.130,195.25,193.688,192.916,0.772,1.7
311,UC Davis,2012,193.215,194.15,192.44,191.986,0.454,0.3
312,UCLA,2012,197.390,198.05,197.375,196.646,0.729,30.6
313,Ursinus College,2012,184.365,187.2,182.819,183.775,-0.956,0.0
314,Utah,2012,197.180,197.55,197.078,196.546,0.532,22.8
315,Utah State,2012,193.925,194.875,193.971,192.967,1.004,0.0
316,UW-Eau Claire,2012,181.660,183.7,182.292,179.342,2.95,0.0
317,UW-La Crosse,2012,184.150,187.7,183.562,183.409,0.153,0.0
318,UW-Oshkosh,2012,176.965,178.65,176.025,176.992,-0.967,0.0
319,UW-Stout,2012,180.365,185.475,179.775,180.225,-0.45,0.0
320,UW-Whitewater,2012,185.615,188.05,184.569,183.6,0.969,0.0
321,Washington,2012,195.585,196.35,195.492,194.286,1.206,1.3
322,West Chester,2012,188.835,189.775,188.475,186.731,1.744,0.0
323,West Virginia,2012,195.485,196.475,195.03,194.75,0.28,3.2
324,Western Michigan,2012,194.588,195.3,193.579,194.056,-0.477,0.9
325,William & Mary,2012,191.870,192.4,191.675,190.514,1.161,0.0
326,Winona State,2012,180.770,182.0,180.363,179.697,0.666,0.4
327,Yale,2012,190.680,191.45,189.858,190.054,-0.196,0.0
328,Seattle Pacific,2012,191.665,192.575,190.783,190.98,-0.197,0.0
329,UIC,2012,194.865,195.25,194.34,193.75,0.59,0.6
330,Wilson College,2012,0,161.525,0.0,159.7,-159.7,0.0
331,Air Force,2013,193.265,194.7,193.381,191.895,1.486,0.3
332,Alabama,2013,197.530,197.9,197.133,197.216,-0.083,30.8
333,Alaska,2013,191.780,192.85,191.908,190.889,1.019,0.0
334,Arizona,2013,196.150,196.625,196.09,195.556,0.534,6.6
335,Arizona State,2013,195.600,196.025,195.255,194.814,0.441,2.1
336,Arkansas,2013,196.435,196.95,196.019,195.85,0.169,8.4
337,Auburn,2013,196.675,197.175,196.195,196.094,0.101,9.4
338,Ball State,2013,193.670,194.55,193.5,192.837,0.663,0.3
339,Boise State,2013,195.760,196.575,195.975,195.146,0.829,10.1
340,Bowling Green,2013,194.125,195.175,193.365,193.379,-0.014,1.4
341,Bridgeport,2013,195.710,196.5,194.2,194.999,-0.799,7.9
342,Brockport,2013,187.565,190.775,186.788,186.344,0.444,0.0
343,Brown,2013,192.300,193.925,191.925,191.643,0.282,0.0
344,BYU,2013,195.365,195.875,194.99,194.731,0.259,1.3
345,California,2013,195.380,196.525,195.675,194.514,1.161,4.2
346,Centenary College,2013,192.045,193.975,191.517,190.147,1.37,0.0
347,Central Michigan,2013,195.810,196.125,195.446,195.1,0.346,3.0
348,Cornell,2013,192.240,193.25,190.887,191.509,-0.622,0.0
349,Cortland State,2013,186.655,189.15,186.45,183.845,2.605,0.0
350,Denver,2013,196.470,197.2,196.125,195.947,0.178,11.1
351,Eastern Michigan,2013,194.120,194.675,194.15,193.559,0.591,0.0
352,Florida,2013,198.030,198.425,197.504,197.634,-0.13,43.8
353,George Washington,2013,194.860,195.325,194.481,194.3,0.181,1.0
354,Georgia,2013,197.470,197.8,196.633,196.913,-0.28,24.5
355,Gustavus Adolphus,2013,176.300,178.25,176.225,174.85,1.375,0.0
356,Hamline,2013,182.105,184.675,176.275,181.171,-4.896,0.0
357,Illinois,2013,196.220,196.475,196.044,195.56,0.484,8.3
358,Illinois State,2013,194.175,195.425,192.769,193.496,-0.727,0.7
359,Iowa,2013,195.595,196.375,195.331,194.819,0.512,4.6
360,Iowa State,2013,195.220,196.175,194.471,194.768,-0.297,1.0
361,Ithaca College,2013,182.985,186.025,181.858,182.354,-0.496,0.0
362,Kent State,2013,195.815,196.25,195.725,194.882,0.843,5.9
363,Kentucky,2013,196.070,196.7,195.44,195.612,-0.172,4.2
364,Lindenwood,2013,191.365,193.05,190.875,189.387,1.488,0.0
365,LSU,2013,197.295,197.7,196.865,196.903,-0.038,26.2
366,Maryland,2013,195.865,196.175,195.64,195.341,0.299,12.3
367,Michigan,2013,197.235,197.55,197.025,196.983,0.042,23.3
368,Michigan State,2013,195.005,196.0,193.985,194.225,-0.24,3.7
369,Minnesota,2013,196.925,197.225,196.492,195.981,0.511,14.8
370,Missouri,2013,194.755,195.525,193.97,194.504,-0.534,3.8
371,Nebraska,2013,197.145,197.8,196.87,196.489,0.381,23.2
372,New Hampshire,2013,194.810,195.65,194.925,193.868,1.057,2.7
373,North Carolina,2013,195.200,195.675,194.825,194.489,0.336,0.7
374,North Carolina State,2013,195.420,196.05,195.596,194.753,0.843,3.3
375,Northern Illinois,2013,194.095,194.775,193.39,193.479,-0.089,0.0
376,Ohio State,2013,196.005,196.85,196.058,195.257,0.801,8.5
377,Oklahoma,2013,197.570,198.375,197.695,197.166,0.529,30.7
378,Oregon State,2013,196.900,197.85,196.587,195.983,0.604,16.2
379,Penn State,2013,196.510,197.325,196.029,195.389,0.64,9.6
380,Pennsylvania,2013,192.660,193.975,193.975,191.409,2.566,0.7
381,Pittsburgh,2013,195.070,196.175,194.96,194.604,0.356,2.8
382,Rhode Island College,2013,170.740,175.9,167.35,169.753,-2.403,0.0
383,Rutgers,2013,194.740,195.975,194.45,194.044,0.406,2.0
384,S.E. Missouri,2013,193.125,194.775,193.783,192.515,1.268,1.0
385,Sacramento State,2013,194.890,195.5,194.46,194.054,0.406,1.0
386,San Jose State,2013,194.815,195.7,194.263,193.972,0.291,2.0
387,Southern Conn.,2013,189.710,191.45,188.867,188.566,0.301,0.0
388,Southern Utah,2013,195.300,196.2,195.525,194.088,1.437,0.7
389,Springfield College,2013,183.515,185.279,182.55,182.734,-0.184,0.0
390,Stanford,2013,196.830,197.275,196.892,196.056,0.836,18.5
391,Temple,2013,190.955,192.175,189.825,190.456,-0.631,0.0
392,Texas Woman's,2013,194.055,195.3,193.375,192.989,0.386,1.2
393,Towson,2013,193.810,194.675,193.719,192.988,0.731,0.0
394,UC Davis,2013,194.780,195.625,194.412,193.775,0.637,2.4
395,UCLA,2013,197.230,197.425,197.032,196.754,0.278,24.9
396,Ursinus College,2013,184.110,186.975,184.267,182.9,1.367,0.0
397,Utah,2013,197.105,198.125,197.17,196.459,0.711,23.4
398,Utah State,2013,193.725,195.1,193.369,192.693,0.676,0.8
399,UW-Eau Claire,2013,183.875,186.65,182.35,182.822,-0.472,0.0
400,UW-La Crosse,2013,185.570,187.25,184.233,184.461,-0.228,0.0
401,UW-Oshkosh,2013,181.740,185.35,181.742,180.321,1.421,0.0
402,UW-Stout,2013,184.360,185.7,183.617,183.237,0.38,0.0
403,UW-Whitewater,2013,188.115,190.175,188.55,185.935,2.615,0.0
404,Washington,2013,196.003,196.45,195.812,195.299,0.513,2.9
405,West Chester,2013,188.035,189.65,188.438,186.225,2.213,0.0
406,West Virginia,2013,195.780,196.55,195.942,194.642,1.3,5.9
407,Western Michigan,2013,194.285,194.975,194.456,193.196,1.26,1.6
408,William & Mary,2013,193.115,194.575,192.208,192.504,-0.296,0.8
409,Winona State,2013,184.725,186.075,183.175,182.904,0.271,0.0
410,Yale,2013,191.340,193.475,190.108,189.987,0.121,0.4
411,Seattle Pacific,2013,192.735,193.9,191.55,191.875,-0.325,0.0
412,UIC,2013,193.650,195.6,193.04,193.304,-0.264,0.0
413,Air Force,2014,194.190,195.3,193.74,193.264,0.476,0.0
414,Alabama,2014,197.735,198.25,197.604,197.262,0.342,35.1
415,Alaska,2014,189.865,192.2,189.48,189.412,0.068,0.0
416,Arizona,2014,196.160,196.925,196.475,195.356,1.119,9.3
417,Arizona State,2014,195.855,196.2,195.504,195.083,0.421,2.8
418,Arkansas,2014,196.375,197.1,196.45,195.958,0.492,15.3
419,Auburn,2014,196.560,197.1,196.26,195.85,0.41,14.6
420,Ball State,2014,193.375,193.975,192.638,191.433,1.205,1.0
421,Boise State,2014,196.395,196.975,196.18,195.932,0.248,10.7
422,Bowling Green,2014,194.785,195.925,194.992,193.908,1.084,1.3
423,Bridgeport,2014,194.030,195.225,193.725,192.054,1.671,1.1
424,Brockport,2014,188.575,190.8,189.738,186.811,2.927,0.4
425,Brown,2014,193.540,194.225,193.306,192.191,1.115,0.7
426,BYU,2014,195.820,196.425,195.785,194.772,1.013,4.2
427,California,2014,196.270,196.725,196.095,195.393,0.702,7.2
428,Centenary College,2014,189.990,191.45,189.7,188.322,1.378,0.0
429,Central Michigan,2014,196.300,196.6,195.325,195.904,-0.579,8.6
430,Cornell,2014,192.120,192.625,191.342,191.036,0.306,0.0
431,Cortland State,2014,187.840,191.0,184.925,187.119,-2.194,0.4
432,Denver,2014,196.205,196.925,195.944,195.844,0.1,9.2
433,Eastern Michigan,2014,194.310,194.9,194.463,193.492,0.971,0.0
434,Florida,2014,198.050,198.325,197.98,197.453,0.527,43.0
435,George Washington,2014,194.730,195.875,194.462,193.834,0.628,1.4
436,Georgia,2014,197.350,197.65,197.154,196.906,0.248,30.9
437,Gustavus Adolphus,2014,171.945,177.8,171.125,171.61,-0.485,0.0
438,Hamline,2014,181.605,185.525,181.383,180.729,0.654,0.4
439,Illinois,2014,196.675,197.1,196.42,196.083,0.337,10.7
440,Illinois State,2014,192.340,193.325,191.483,190.671,0.812,0.7
441,Iowa,2014,195.070,195.375,193.85,193.825,0.025,0.7
442,Iowa State,2014,195.580,196.65,194.97,194.514,0.456,4.8
443,Ithaca College,2014,176.510,182.3,179.262,173.581,5.681,0.0
444,Kent State,2014,195.655,196.225,195.444,195.059,0.385,5.2
445,Kentucky,2014,195.740,196.275,195.719,194.753,0.966,6.5
446,Lindenwood,2014,193.105,194.45,191.842,191.368,0.474,0.3
447,LSU,2014,197.800,198.325,197.671,197.409,0.262,37.8
448,Maryland,2014,195.175,195.7,194.805,194.178,0.627,2.3
449,Michigan,2014,197.125,197.825,197.035,196.588,0.447,23.5
450,Michigan State,2014,194.815,196.2,194.221,194.354,-0.133,4.1
451,Minnesota,2014,196.520,197.25,196.071,196.309,-0.238,16.9
452,Missouri,2014,194.710,195.725,194.515,194.364,0.151,4.3
453,Nebraska,2014,197.010,197.225,196.585,196.794,-0.209,21.7
454,New Hampshire,2014,195.880,196.675,195.646,194.129,1.517,1.3
455,North Carolina,2014,194.445,194.9,194.206,193.4,0.806,0.7
456,North Carolina State,2014,195.615,196.1,195.346,194.825,0.521,4.2
457,Northern Illinois,2014,194.130,195.1,193.094,193.879,-0.785,0.7
458,Ohio State,2014,195.905,196.6,195.53,195.504,0.026,5.6
459,Oklahoma,2014,197.950,198.175,197.28,197.715,-0.435,41.0
460,Oregon State,2014,196.665,197.1,196.706,196.196,0.51,9.5
461,Penn State,2014,196.525,197.2,196.442,195.4,1.042,8.1
462,Pennsylvania,2014,190.800,191.45,190.119,187.858,2.261,0.0
463,Pittsburgh,2014,194.710,196.125,194.585,194.196,0.389,1.8
464,Rhode Island College,2014,174.705,176.45,169.988,174.067,-4.079,0.0
465,Rutgers,2014,195.340,196.225,194.725,194.483,0.242,2.5
466,S.E. Missouri,2014,194.220,195.275,193.475,193.188,0.287,0.7
467,Sacramento State,2014,194.360,195.65,194.431,193.378,1.053,1.0
468,San Jose State,2014,195.510,195.8,195.508,194.714,0.794,2.4
469,Southern Conn.,2014,189.410,191.375,187.462,189.072,-1.61,0.4
470,Southern Utah,2014,195.665,196.125,195.144,195.128,0.016,1.4
471,Springfield College,2014,182.670,186.525,184.779,180.625,4.154,0.0
472,Stanford,2014,197.005,197.275,196.5,196.475,0.025,17.1
473,Temple,2014,191.725,192.325,191.462,189.982,1.48,0.0
474,Texas Woman's,2014,194.565,195.375,193.954,193.559,0.395,1.5
475,Towson,2014,192.455,193.375,190.95,191.666,-0.716,0.0
476,UC Davis,2014,195.260,196.425,194.79,194.141,0.649,1.9
477,UCLA,2014,197.070,197.5,196.785,196.778,0.007,28.5
478,Ursinus College,2014,185.190,187.425,183.392,184.271,-0.879,0.0
479,Utah,2014,197.595,198.025,197.387,197.139,0.248,34.0
480,Utah State,2014,195.570,196.075,194.895,194.206,0.689,1.8
481,UW-Eau Claire,2014,182.670,185.975,182.633,181.812,0.821,0.0
482,UW-La Crosse,2014,187.365,188.65,184.825,186.507,-1.682,0.0
483,UW-Oshkosh,2014,183.480,188.475,181.833,182.861,-1.028,0.0
484,UW-Stout,2014,182.430,188.65,181.825,181.738,0.087,0.0
485,UW-Whitewater,2014,189.175,193.025,187.575,187.584,-0.009,0.4
486,Washington,2014,195.360,196.2,195.438,194.55,0.888,2.5
487,West Chester,2014,189.875,190.65,189.933,188.647,1.286,0.0
488,West Virginia,2014,195.150,196.375,195.585,194.133,1.452,4.0
489,Western Michigan,2014,194.065,195.075,193.355,192.663,0.692,0.8
490,William & Mary,2014,193.320,194.375,192.581,192.332,0.249,0.4
491,Winona State,2014,182.950,185.225,180.15,182.339,-2.189,0.0
492,Yale,2014,190.065,191.75,186.725,189.741,-3.016,0.0
493,Seattle Pacific,2014,194.055,194.575,192.644,193.033,-0.389,0.6
494,UIC,2014,193.990,195.2,192.94,192.881,0.059,1.3
495,Air Force,2015,192.595,193.45,192.375,191.075,1.3,0.0
496,Alabama,2015,197.535,197.8,197.246,197.175,0.071,32.0
497,Alaska,2015,192.605,193.825,192.185,191.162,1.023,0.4
498,Arizona,2015,196.445,197.125,196.315,195.678,0.637,4.5
499,Arizona State,2015,194.425,195.375,194.175,193.845,0.33,2.8
500,Arkansas,2015,196.395,196.65,196.015,195.904,0.111,12.2
501,Auburn,2015,197.085,197.75,197.17,196.337,0.833,16.7
502,Ball State,2015,194.125,195.5,193.806,193.616,0.19,1.4
503,Boise State,2015,196.495,196.8,196.431,195.853,0.578,11.6
504,Bowling Green,2015,194.945,195.7,195.035,193.336,1.699,0.7
505,Bridgeport,2015,194.645,195.475,194.75,193.821,0.929,5.4
506,Brockport,2015,190.880,193.075,190.792,188.969,1.823,0.0
507,Brown,2015,193.650,194.15,193.17,192.979,0.191,0.3
508,BYU,2015,195.365,196.375,194.695,194.811,-0.116,3.5
509,California,2015,196.240,197.325,196.256,195.703,0.553,10.8
510,Centenary College,2015,190.930,193.775,190.788,188.331,2.457,0.0
511,Central Michigan,2015,196.190,196.4,194.39,195.663,-1.273,8.7
512,Cornell,2015,191.290,192.225,190.562,190.354,0.208,0.0
513,Cortland State,2015,188.730,191.65,187.48,188.017,-0.537,0.0
514,Denver,2015,196.455,196.925,196.083,195.866,0.217,11.4
515,Eastern Michigan,2015,195.280,195.575,194.765,195.107,-0.342,0.7
516,Florida,2015,197.890,198.225,197.81,197.406,0.404,39.4
517,George Washington,2015,195.490,196.875,195.6,194.76,0.84,7.9
518,Georgia,2015,196.925,197.45,196.571,196.338,0.233,18.3
519,Gustavus Adolphus,2015,178.820,180.2,176.475,176.918,-0.443,0.0
520,Hamline,2015,184.345,187.1,183.012,181.783,1.229,0.0
521,Illinois,2015,196.595,197.35,196.16,196.3,-0.14,11.6
522,Illinois State,2015,193.985,194.55,191.635,191.936,-0.301,0.7
523,Iowa,2015,196.030,196.5,195.575,195.269,0.306,6.6
524,Iowa State,2015,195.470,195.95,195.365,194.669,0.696,3.8
525,Ithaca College,2015,186.250,190.125,183.0,186.118,-3.118,0.0
526,Kent State,2015,195.140,196.8,195.808,193.8,2.008,6.8
527,Kentucky,2015,195.830,196.575,195.945,195.125,0.82,3.4
528,Lindenwood,2015,194.715,195.8,194.4,193.485,0.915,2.5
529,LSU,2015,197.650,198.375,197.775,197.147,0.628,35.2
530,Maryland,2015,195.505,196.075,194.57,195.259,-0.689,2.6
531,Michigan,2015,197.275,197.825,197.295,197.016,0.279,26.7
532,Michigan State,2015,195.735,196.325,195.025,195.18,-0.155,7.2
533,Minnesota,2015,196.450,196.875,195.561,195.554,0.007,13.4
534,Missouri,2015,195.885,196.15,195.138,195.264,-0.126,3.9
535,Nebraska,2015,197.050,197.325,196.679,196.621,0.058,18.3
536,New Hampshire,2015,195.860,196.525,195.5,194.872,0.628,2.6
537,North Carolina,2015,194.845,195.35,194.519,194.529,-0.01,1.1
538,North Carolina State,2015,195.585,196.175,194.14,195.329,-1.189,3.0
539,Northern Illinois,2015,194.780,195.8,194.225,193.586,0.639,1.4
540,Ohio State,2015,195.490,196.2,195.335,195.125,0.21,1.3
541,Oklahoma,2015,197.895,198.5,197.963,197.527,0.436,45.1
542,Oregon State,2015,196.775,197.25,196.065,196.522,-0.457,14.6
543,Penn State,2015,196.665,197.025,196.235,196.154,0.081,10.8
544,Pennsylvania,2015,193.190,193.775,191.965,192.925,-0.96,0.0
545,Pittsburgh,2015,194.160,194.875,193.3,193.232,0.068,1.5
546,Rhode Island College,2015,178.120,180.1,177.275,176.391,0.884,0.0
547,Rutgers,2015,194.735,195.375,194.725,193.833,0.892,1.0
548,S.E. Missouri,2015,193.500,194.55,193.155,192.664,0.491,0.3
549,Sacramento State,2015,194.510,196.1,194.34,193.932,0.408,0.0
550,San Jose State,2015,194.975,195.675,194.531,194.591,-0.06,1.0
551,Southern Conn.,2015,190.810,191.875,190.863,189.647,1.216,0.4
552,Southern Utah,2015,196.205,196.475,195.758,195.636,0.122,5.1
553,Springfield College,2015,186.205,189.075,185.508,185.621,-0.113,0.0
554,Stanford,2015,197.120,197.525,196.917,196.241,0.676,23.6
555,Temple,2015,190.930,192.15,190.8,189.503,1.297,0.0
556,Texas Woman's,2015,193.740,195.75,193.625,191.803,1.822,1.8
557,Towson,2015,194.905,196.525,194.675,194.236,0.439,2.0
558,UC Davis,2015,195.085,196.9,195.08,194.082,0.998,3.1
559,UCLA,2015,197.290,197.95,196.955,196.697,0.258,25.5
560,Ursinus College,2015,190.860,193.55,190.169,189.738,0.431,0.0
561,Utah,2015,197.865,198.25,197.612,197.222,0.39,36.2
562,Utah State,2015,195.570,196.35,194.87,195.228,-0.358,0.0
563,UW-Eau Claire,2015,184.155,187.85,183.342,183.375,-0.033,0.0
564,UW-La Crosse,2015,187.895,191.525,187.115,187.171,-0.056,0.0
565,UW-Oshkosh,2015,183.930,188.325,183.225,183.492,-0.267,0.0
566,UW-Stout,2015,185.055,188.325,182.244,183.404,-1.16,0.0
567,UW-Whitewater,2015,190.625,191.75,190.283,188.786,1.497,0.0
568,Washington,2015,196.030,196.6,195.405,195.536,-0.131,5.2
569,West Chester,2015,191.100,191.825,191.344,189.471,1.873,0.0
570,West Virginia,2015,195.480,196.075,195.325,194.854,0.471,3.8
571,Western Michigan,2015,195.060,196.175,194.544,194.363,0.181,0.8
572,William & Mary,2015,193.770,195.0,194.275,192.709,1.566,1.2
573,Winona State,2015,185.955,189.025,183.6,184.958,-1.358,0.0
574,Yale,2015,191.885,193.575,191.2,191.281,-0.081,0.4
575,Seattle Pacific,2015,193.365,194.225,191.267,192.125,-0.858,0.3
576,UIC,2015,192.640,194.425,191.75,191.354,0.396,0.0
577,Air Force,2016,191.925,193.825,190.77,190.82,-0.05,0.0
578,Alabama,2016,197.455,197.75,197.067,197.117,-0.05,23.7
579,Alaska,2016,192.605,194.125,192.717,191.996,0.721,0.0
580,Arizona,2016,196.180,196.85,196.255,195.414,0.841,2.8
581,Arizona State,2016,193.905,194.725,193.695,193.113,0.582,3.8
582,Arkansas,2016,196.575,197.225,196.64,196.041,0.599,8.3
583,Auburn,2016,197.150,197.325,196.765,196.456,0.309,14.3
584,Ball State,2016,194.810,195.65,194.415,193.561,0.854,2.4
585,Boise State,2016,196.570,197.325,196.806,196.175,0.631,12.4
586,Bowling Green,2016,195.455,196.5,195.135,194.294,0.841,3.0
587,Bridgeport,2016,195.035,195.8,194.494,194.052,0.442,3.2
588,Brockport,2016,190.480,193.0,189.215,188.096,1.119,0.0
589,Brown,2016,194.015,195.175,193.042,192.955,0.087,0.6
590,BYU,2016,195.550,196.1,195.458,194.803,0.655,3.1
591,California,2016,196.770,197.5,196.65,195.989,0.661,9.9
592,Centenary College,2016,189.760,190.525,190.242,187.422,2.82,0.3
593,Central Michigan,2016,195.440,196.125,194.81,194.944,-0.134,6.4
594,Cornell,2016,193.175,194.025,191.658,192.759,-1.101,0.7
595,Cortland State,2016,187.625,189.3,187.475,186.336,1.139,0.0
596,Denver,2016,196.725,197.525,196.41,196.272,0.138,11.7
597,Eastern Michigan,2016,196.160,196.6,195.594,195.572,0.022,5.8
598,Florida,2016,197.795,198.175,197.845,197.206,0.639,37.2
599,George Washington,2016,195.905,196.6,195.725,195.616,0.109,6.4
600,Georgia,2016,197.025,197.525,196.758,196.384,0.374,21.1
601,Gustavus Adolphus,2016,182.010,184.475,179.658,181.075,-1.417,0.0
602,Hamline,2016,183.095,185.775,182.144,181.97,0.174,0.0
603,Illinois,2016,195.870,196.525,195.556,195.55,0.006,8.3
604,Illinois State,2016,192.630,194.175,192.275,191.579,0.696,1.0
605,Iowa,2016,196.330,196.65,195.308,195.566,-0.258,5.9
606,Iowa State,2016,195.350,196.025,195.39,194.657,0.733,3.6
607,Ithaca College,2016,184.665,186.475,184.238,185.2,-0.962,0.0
608,Kent State,2016,195.595,196.125,195.67,194.614,1.056,7.3
609,Kentucky,2016,196.205,196.7,195.765,195.759,0.006,4.4
610,Lindenwood,2016,194.730,195.875,194.454,193.056,1.398,1.7
611,LSU,2016,197.700,197.925,197.34,197.188,0.152,33.9
612,Maryland,2016,195.235,196.025,194.9,194.614,0.286,0.7
613,Michigan,2016,197.130,197.425,197.008,196.779,0.229,22.6
614,Michigan State,2016,195.420,196.35,194.312,195.133,-0.821,4.1
615,Minnesota,2016,196.495,197.425,195.658,196.286,-0.628,11.6
616,Missouri,2016,196.240,196.65,196.095,195.722,0.373,7.9
617,Nebraska,2016,196.715,197.35,196.558,195.889,0.669,12.1
618,New Hampshire,2016,195.485,196.075,195.263,194.494,0.769,4.2
619,North Carolina,2016,193.630,194.975,192.86,192.72,0.14,2.2
620,North Carolina State,2016,195.375,196.175,195.9,194.867,1.033,4.5
621,Northern Illinois,2016,194.780,195.475,194.388,194.238,0.15,1.7
622,Ohio State,2016,195.885,196.35,195.619,195.278,0.341,3.1
623,Oklahoma,2016,197.922,198.075,197.67,197.576,0.094,39.8
624,Oregon State,2016,196.575,196.925,196.255,196.071,0.184,8.9
625,Penn State,2016,195.960,197.125,195.19,195.754,-0.564,8.4
626,Pennsylvania,2016,191.790,193.05,191.212,191.397,-0.185,0.4
627,Pittsburgh,2016,194.530,195.675,194.065,193.264,0.801,4.7
628,Rhode Island College,2016,177.690,181.075,178.588,177.121,1.467,0.0
629,Rutgers,2016,194.930,195.475,194.156,194.116,0.04,1.4
630,S.E. Missouri,2016,193.275,194.375,193.255,192.281,0.974,0.6
631,Sacramento State,2016,195.185,196.475,195.065,194.542,0.523,3.7
632,San Jose State,2016,194.740,195.35,193.33,194.675,-1.345,0.4
633,Southern Conn.,2016,190.050,191.3,188.412,189.188,-0.776,0.0
634,Southern Utah,2016,196.050,196.575,195.77,195.457,0.313,5.2
635,Springfield College,2016,185.750,187.525,185.112,184.92,0.192,0.0
636,Stanford,2016,196.445,197.4,196.1,196.142,-0.042,14.0
637,Temple,2016,191.625,192.525,190.838,190.786,0.052,0.0
638,Texas Woman's,2016,193.015,194.275,192.113,192.114,-0.001,0.0
639,Towson,2016,194.285,195.275,194.2,193.428,0.772,1.9
640,UC Davis,2016,195.045,196.025,194.988,194.0,0.988,1.9
641,UCLA,2016,197.060,197.475,196.963,196.591,0.372,20.9
642,Ursinus College,2016,187.795,189.75,188.575,187.192,1.383,0.0
643,Utah,2016,197.205,197.675,196.896,196.884,0.012,22.0
644,Utah State,2016,195.525,196.025,194.92,195.186,-0.266,2.4
645,UW-Eau Claire,2016,184.945,188.925,184.108,185.096,-0.988,0.0
646,UW-La Crosse,2016,190.450,193.65,189.219,189.021,0.198,0.4
647,UW-Oshkosh,2016,185.035,187.4,185.267,183.196,2.071,0.0
648,UW-Stout,2016,182.620,186.075,181.158,182.463,-1.305,0.5
649,UW-Whitewater,2016,190.390,192.925,189.55,189.489,0.061,0.0
650,Washington,2016,196.360,196.65,195.454,195.593,-0.139,5.4
651,West Chester,2016,191.745,193.475,191.95,190.629,1.321,0.0
652,West Virginia,2016,195.940,196.8,195.985,195.197,0.788,6.7
653,Western Michigan,2016,195.095,195.95,194.858,194.213,0.645,1.0
654,William & Mary,2016,192.880,194.075,191.983,191.347,0.636,0.0
655,Winona State,2016,186.395,188.75,184.542,185.244,-0.702,0.4
656,Yale,2016,192.165,193.7,190.825,191.689,-0.864,0.0
657,Seattle Pacific,2016,193.870,194.875,191.662,192.535,-0.873,1.2
658,UIC,2016,192.815,193.25,192.158,192.003,0.155,0.4
659,Air Force,2017,193.680,194.5,192.519,192.853,-0.334,0.0
660,Alabama,2017,197.455,197.825,197.26,196.748,0.512,23.9
661,Alaska,2017,191.175,192.7,190.356,190.304,0.052,0.8
662,Arizona,2017,195.880,196.275,195.345,195.411,-0.066,6.1
663,Arizona State,2017,195.145,195.7,194.56,194.183,0.377,0.4
664,Arkansas,2017,195.885,196.6,195.667,195.385,0.282,5.0
665,Auburn,2017,196.360,196.6,195.965,195.944,0.021,6.6
666,Ball State,2017,194.975,195.45,194.594,194.475,0.119,1.7
667,Boise State,2017,196.910,197.675,197.133,196.447,0.686,16.2
668,Bowling Green,2017,194.750,196.4,194.729,193.489,1.24,2.3
669,Bridgeport,2017,194.880,195.575,194.363,194.029,0.334,6.1
670,Brockport,2017,191.420,193.325,191.275,188.869,2.406,0.3
671,Brown,2017,193.340,194.125,192.381,192.689,-0.308,0.3
672,BYU,2017,195.495,196.425,195.56,194.688,0.872,3.2
673,California,2017,196.515,197.075,196.3,196.057,0.243,8.3
674,Centenary College,2017,190.475,191.45,190.567,188.375,2.192,0.0
675,Central Michigan,2017,195.910,196.575,195.042,195.104,-0.062,9.7
676,Cornell,2017,194.235,194.95,192.875,193.534,-0.659,1.7
677,Cortland State,2017,188.255,191.0,187.925,185.663,2.262,0.0
678,Denver,2017,197.075,197.15,196.95,196.37,0.58,14.0
679,Eastern Michigan,2017,195.970,196.5,194.995,195.506,-0.511,5.5
680,Florida,2017,197.787,197.975,197.65,197.364,0.286,34.3
681,George Washington,2017,196.340,196.725,196.044,195.906,0.138,4.7
682,Georgia,2017,197.005,197.325,196.875,196.263,0.612,16.5
683,Gustavus Adolphus,2017,184.850,186.275,183.513,183.021,0.492,0.0
684,Hamline,2017,185.050,188.85,183.625,184.806,-1.181,0.0
685,Illinois,2017,196.365,196.875,196.062,195.807,0.255,7.7
686,Illinois State,2017,193.510,194.075,193.2,192.988,0.212,1.1
687,Iowa,2017,196.510,196.725,195.908,195.753,0.155,8.8
688,Iowa State,2017,195.750,196.6,194.96,195.522,-0.562,5.1
689,Ithaca College,2017,187.235,189.65,185.75,186.288,-0.538,0.0
690,Kent State,2017,195.720,196.425,195.625,194.854,0.771,7.2
691,Kentucky,2017,196.845,197.475,196.695,196.134,0.561,12.8
692,Lindenwood,2017,194.900,195.375,194.506,193.597,0.909,2.0
693,LSU,2017,197.963,198.275,197.787,197.74,0.047,43.5
694,Maryland,2017,195.410,195.8,194.64,194.566,0.074,2.5
695,Michigan,2017,197.310,197.825,197.37,196.502,0.868,23.4
696,Michigan State,2017,195.155,195.625,194.79,194.454,0.336,4.8
697,Minnesota,2017,195.555,196.8,195.435,194.829,0.606,5.9
698,Missouri,2017,196.540,197.2,196.36,196.075,0.285,10.9
699,Nebraska,2017,196.880,197.212,196.581,196.164,0.417,13.9
700,New Hampshire,2017,195.745,196.45,195.825,194.786,1.039,3.3
701,North Carolina,2017,195.430,195.875,195.267,194.606,0.661,4.5
702,North Carolina State,2017,194.820,196.15,195.146,193.683,1.463,2.9
703,Northern Illinois,2017,195.260,196.15,194.912,194.429,0.483,4.4
704,Ohio State,2017,195.860,196.45,195.68,195.546,0.134,4.1
705,Oklahoma,2017,198.140,198.388,197.781,197.942,-0.161,50.3
706,Oregon State,2017,197.115,197.475,196.99,196.27,0.72,17.6
707,Penn State,2017,195.615,196.2,195.425,194.696,0.729,7.2
708,Pennsylvania,2017,193.055,193.95,192.0,192.261,-0.261,0.8
709,Pittsburgh,2017,194.335,195.375,194.162,193.753,0.409,1.7
710,Rhode Island College,2017,179.315,182.95,176.375,178.236,-1.861,0.0
711,Rutgers,2017,194.470,194.975,194.16,193.439,0.721,1.0
712,S.E. Missouri,2017,192.330,193.8,192.15,190.75,1.4,1.0
713,Sacramento State,2017,194.745,195.55,194.092,194.228,-0.136,1.1
714,San Jose State,2017,194.610,195.925,195.05,193.65,1.4,1.5
715,Southern Conn.,2017,190.705,192.0,189.6,189.336,0.264,0.0
716,Southern Utah,2017,196.380,197.025,196.285,195.682,0.603,8.0
717,Springfield College,2017,188.580,189.3,189.025,186.036,2.989,0.0
718,Stanford,2017,195.975,196.625,196.194,194.534,1.66,7.7
719,Temple,2017,194.155,194.975,194.1,193.403,0.697,0.3
720,Texas Woman's,2017,194.975,196.125,194.43,193.244,1.186,1.4
721,Towson,2017,194.755,195.675,194.655,193.932,0.723,2.7
722,UC Davis,2017,195.105,195.775,194.771,194.667,0.104,2.7
723,UCLA,2017,197.570,198.125,197.125,197.183,-0.058,29.2
724,Ursinus College,2017,190.460,191.5,189.175,189.725,-0.55,0.4
725,Utah,2017,197.550,197.925,197.215,197.06,0.155,26.5
726,Utah State,2017,195.915,196.3,195.65,194.794,0.856,2.4
727,UW-Eau Claire,2017,186.090,188.7,184.908,185.525,-0.617,0.0
728,UW-La Crosse,2017,190.290,192.975,189.3,189.2,0.1,0.0
729,UW-Oshkosh,2017,185.840,191.25,180.608,185.904,-5.296,0.0
730,UW-Stout,2017,187.500,189.35,186.45,186.592,-0.142,0.0
731,UW-Whitewater,2017,191.730,192.6,191.275,190.264,1.011,0.0
732,Washington,2017,196.757,197.175,196.74,196.155,0.585,13.2
733,West Chester,2017,193.395,194.4,193.59,191.947,1.643,1.3
734,West Virginia,2017,196.020,196.325,195.985,195.247,0.738,7.9
735,Western Michigan,2017,195.425,196.075,194.275,194.961,-0.686,2.4
736,William & Mary,2017,192.910,193.925,192.433,191.894,0.539,0.4
737,Winona State,2017,187.535,191.175,186.344,186.359,-0.015,0.0
738,Yale,2017,193.455,194.6,192.55,192.586,-0.036,0.3
739,Seattle Pacific,2017,192.635,194.1,191.312,191.828,-0.516,1.0
740,UIC,2017,193.775,195.175,193.637,192.859,0.778,0.3
741,Air Force,2018,194.635,195.675,194.09,193.761,0.329,2.0
742,Alabama,2018,197.210,197.525,196.886,196.811,0.075,25.1
743,Alaska,2018,190.805,192.2,189.975,189.725,0.25,0.0
744,Arizona,2018,195.650,196.325,195.796,195.215,0.581,5.1
745,Arizona State,2018,196.570,196.8,196.194,195.956,0.238,6.9
746,Arkansas,2018,196.905,197.3,197.005,196.181,0.824,16.8
747,Auburn,2018,196.625,197.0,196.37,195.8,0.57,12.6
748,Ball State,2018,195.235,195.6,194.183,194.581,-0.398,2.1
749,Boise State,2018,196.745,197.0,196.419,196.425,-0.006,11.6
750,Bowling Green,2018,195.495,196.475,195.431,194.961,0.47,4.7
751,Bridgeport,2018,194.385,195.1,193.425,193.707,-0.282,1.8
752,Brockport,2018,190.820,192.925,187.625,189.9,-2.275,0.7
753,Brown,2018,193.360,194.025,192.342,192.21,0.132,0.0
754,BYU,2018,196.430,196.625,196.263,195.856,0.407,7.4
755,California,2018,196.905,197.5,196.9,195.942,0.958,14.3
756,Centenary College,2018,190.225,191.825,188.615,187.654,0.961,0.0
757,Central Michigan,2018,195.880,197.025,196.167,194.903,1.264,10.7
758,Cornell,2018,193.665,195.0,192.992,192.99,0.002,0.6
759,Cortland State,2018,188.575,190.8,188.131,185.891,2.24,0.0
760,Denver,2018,196.790,197.3,196.87,196.247,0.623,23.8
761,Eastern Michigan,2018,195.080,195.725,194.68,194.557,0.123,2.4
762,Florida,2018,197.787,198.15,197.755,197.029,0.726,40.5
763,George Washington,2018,196.460,196.875,196.388,195.685,0.703,9.1
764,Georgia,2018,196.653,197.525,196.783,196.064,0.719,17.4
765,Gustavus Adolphus,2018,181.280,185.725,180.9,179.083,1.817,0.0
766,Hamline,2018,186.270,190.0,185.05,186.48,-1.43,0.0
767,Illinois,2018,196.400,196.85,195.675,195.812,-0.137,7.6
768,Illinois State,2018,192.560,193.6,191.75,191.411,0.339,0.3
769,Iowa,2018,195.775,196.4,195.475,195.115,0.36,4.8
770,Iowa State,2018,196.085,196.7,195.842,195.7,0.142,6.7
771,Ithaca College,2018,190.410,191.475,189.056,189.318,-0.262,0.0
772,Kent State,2018,195.855,196.625,195.57,194.943,0.627,10.1
773,Kentucky,2018,196.870,197.1,196.305,196.579,-0.274,12.8
774,Lindenwood,2018,195.405,196.4,194.967,194.193,0.774,2.9
775,LSU,2018,197.963,198.175,197.704,197.539,0.165,38.3
776,Maryland,2018,195.960,196.575,195.77,195.275,0.495,5.0
777,Michigan,2018,197.160,197.55,196.965,196.6,0.365,21.3
778,Michigan State,2018,194.845,195.55,194.117,193.592,0.525,1.4
779,Minnesota,2018,196.255,196.675,195.83,195.736,0.094,15.5
780,Missouri,2018,196.400,196.925,196.606,195.697,0.909,8.3
781,Nebraska,2018,196.973,197.525,196.725,196.399,0.326,16.9
782,New Hampshire,2018,195.940,196.425,195.275,195.278,-0.003,5.4
783,North Carolina,2018,195.515,196.6,195.225,195.154,0.071,10.1
784,North Carolina State,2018,196.440,196.8,196.146,195.625,0.521,6.0
785,Northern Illinois,2018,195.485,195.875,194.663,194.956,-0.293,4.4
786,Ohio State,2018,196.275,196.775,196.345,195.331,1.014,8.6
787,Oklahoma,2018,198.120,198.375,198.035,197.811,0.224,49.4
788,Oregon State,2018,196.780,197.3,196.955,196.082,0.873,12.2
789,Penn State,2018,195.985,196.675,195.196,195.693,-0.497,10.2
790,Pennsylvania,2018,193.420,193.925,193.042,192.525,0.517,1.0
791,Pittsburgh,2018,195.870,196.475,194.988,195.028,-0.04,1.4
792,Rhode Island College,2018,178.545,182.4,178.192,177.414,0.778,0.0
793,Rutgers,2018,194.320,194.8,193.713,193.879,-0.166,1.0
794,S.E. Missouri,2018,192.985,193.875,192.025,191.944,0.081,1.2
795,Sacramento State,2018,194.740,195.4,194.337,193.297,1.04,0.3
796,San Jose State,2018,194.780,195.975,194.356,194.518,-0.162,2.6
797,Southern Conn.,2018,191.755,192.25,190.712,190.43,0.282,0.0
798,Southern Utah,2018,195.915,196.8,195.496,195.143,0.353,4.6
799,Springfield College,2018,187.325,189.525,188.5,186.825,1.675,0.5
800,Stanford,2018,196.080,196.65,195.912,195.663,0.249,16.0
801,Temple,2018,195.015,196.05,194.925,193.864,1.061,0.6
802,Texas Woman's,2018,195.010,196.525,194.954,193.229,1.725,4.3
803,Towson,2018,195.165,196.4,195.463,193.961,1.502,3.2
804,UC Davis,2018,195.145,196.35,195.03,194.596,0.434,3.7
805,UCLA,2018,197.930,198.275,197.595,197.606,-0.011,39.7
806,Ursinus College,2018,187.310,188.4,187.05,186.718,0.332,0.0
807,Utah,2018,197.545,198.15,197.475,197.214,0.261,32.4
808,Utah State,2018,195.685,196.5,195.8,195.003,0.797,5.5
809,UW-Eau Claire,2018,185.140,187.775,185.025,184.217,0.808,0.0
810,UW-La Crosse,2018,191.010,192.55,189.192,190.243,-1.051,0.0
811,UW-Oshkosh,2018,184.435,190.975,182.75,185.035,-2.285,0.0
812,UW-Stout,2018,185.315,186.575,186.067,183.308,2.759,0.0
813,UW-Whitewater,2018,190.245,193.7,189.738,189.484,0.254,0.4
814,Washington,2018,196.960,197.4,196.83,196.358,0.472,12.8
815,West Chester,2018,193.070,194.35,192.119,192.409,-0.29,0.3
816,West Virginia,2018,196.070,196.775,195.481,195.561,-0.08,6.4
817,Western Michigan,2018,195.110,196.075,195.085,193.757,1.328,3.8
818,William & Mary,2018,193.655,195.1,193.625,193.047,0.578,0.0
819,Winona State,2018,185.310,186.45,184.487,184.91,-0.423,0.0
820,Yale,2018,194.680,195.325,193.483,193.703,-0.22,2.7
821,Seattle Pacific,2018,192.540,194.3,191.875,190.9,0.975,0.0
822,UIC,2018,194.445,195.475,194.3,193.75,0.55,0.6
823,Air Force,2019,194.600,195.725,194.225,193.32,0.905,3.1
824,Alabama,2019,197.140,197.35,196.19,197.044,-0.854,18.2
825,Alaska,2019,193.150,194.2,191.79,192.854,-1.064,1.9
826,Arizona,2019,195.700,196.45,195.61,195.041,0.569,5.3
827,Arizona State,2019,196.320,196.625,196.075,195.744,0.331,7.7
828,Arkansas,2019,196.380,197.0,196.125,195.931,0.194,11.5
829,Auburn,2019,196.830,197.1,196.445,196.278,0.167,13.4
830,Ball State,2019,194.895,195.625,194.844,194.056,0.788,1.7
831,Boise State,2019,196.725,197.175,196.619,196.35,0.269,13.9
832,Bowling Green,2019,194.455,195.325,194.2,192.55,1.65,4.5
833,Bridgeport,2019,195.230,195.925,195.065,194.183,0.882,3.0
834,Brockport,2019,190.730,193.7,189.525,189.753,-0.228,0.4
835,Brown,2019,192.660,194.075,193.013,190.844,2.169,0.6
836,BYU,2019,196.570,197.0,196.425,195.812,0.613,9.6
837,California,2019,196.930,197.675,196.875,196.262,0.613,14.5
838,Centenary College,2019,190.785,192.0,190.035,188.904,1.131,0.0
839,Central Michigan,2019,195.735,196.25,195.445,194.9,0.545,3.2
840,Cornell,2019,193.550,194.575,193.112,192.436,0.676,2.2
841,Cortland State,2019,186.155,188.175,186.135,184.121,2.014,0.4
842,Denver,2019,197.570,197.775,197.32,197.071,0.249,27.2
843,Eastern Michigan,2019,194.675,196.025,194.912,193.812,1.1,1.4
844,Florida,2019,197.760,198.025,197.645,197.432,0.213,42.0
845,George Washington,2019,195.450,196.025,194.9,195.018,-0.118,1.1
846,Georgia,2019,197.360,198.05,197.269,196.573,0.696,28.3
847,Gustavus Adolphus,2019,183.760,184.775,184.1,181.957,2.143,0.0
848,Hamline,2019,184.165,188.425,184.35,182.568,1.782,0.0
849,Illinois,2019,195.935,196.65,194.992,195.403,-0.411,6.7
850,Illinois State,2019,193.885,195.075,193.142,192.405,0.737,0.6
851,Iowa,2019,195.800,196.45,195.055,195.075,-0.02,5.6
852,Iowa State,2019,196.145,196.7,195.54,195.544,-0.004,6.4
853,Ithaca College,2019,189.600,191.65,189.375,188.45,0.925,0.4
854,Kent State,2019,195.335,195.8,194.725,193.971,0.754,2.6
855,Kentucky,2019,197.260,197.6,196.63,196.536,0.094,17.3
856,Lindenwood,2019,195.515,196.375,194.762,194.936,-0.174,1.9
857,LSU,2019,197.885,198.175,197.469,197.282,0.187,31.7
858,Maryland,2019,195.840,196.525,194.965,195.306,-0.341,2.7
859,Michigan,2019,197.360,197.75,196.912,196.894,0.018,23.1
860,Michigan State,2019,195.215,195.85,194.331,194.862,-0.531,3.4
861,Minnesota,2019,196.920,197.5,196.669,196.34,0.329,19.8
862,Missouri,2019,196.470,196.8,196.095,195.972,0.123,5.5
863,Nebraska,2019,196.815,197.675,196.735,196.086,0.649,17.9
864,New Hampshire,2019,195.680,196.175,195.417,194.944,0.473,5.3
865,North Carolina,2019,194.615,195.15,194.787,193.582,1.205,6.6
866,North Carolina State,2019,195.720,196.4,195.725,195.13,0.595,3.6
867,Northern Illinois,2019,195.250,195.975,194.66,194.671,-0.011,3.8
868,Ohio State,2019,195.990,196.85,195.869,195.275,0.594,4.5
869,Oklahoma,2019,198.288,198.475,197.955,197.891,0.064,53.9
870,Oregon State,2019,196.845,197.45,196.607,196.314,0.293,16.7
871,Penn State,2019,196.080,196.775,195.775,195.5,0.275,6.7
872,Pennsylvania,2019,193.665,195.075,193.462,192.422,1.04,0.0
873,Pittsburgh,2019,194.950,195.425,194.725,194.286,0.439,0.4
874,Rhode Island College,2019,181.480,185.525,176.738,181.128,-4.39,0.0
875,Rutgers,2019,194.775,196.05,194.85,193.572,1.278,3.8
876,S.E. Missouri,2019,189.045,190.275,188.825,186.578,2.247,0.7
877,Sacramento State,2019,192.510,194.975,191.294,192.311,-1.017,0.4
878,San Jose State,2019,194.165,195.45,193.5,193.662,-0.162,2.8
879,Southern Conn.,2019,191.915,192.7,191.613,191.19,0.423,0.0
880,Southern Utah,2019,196.045,196.575,195.24,195.675,-0.435,3.5
881,Springfield College,2019,187.645,190.725,188.442,186.55,1.892,0.0
882,Stanford,2019,196.050,196.525,195.731,195.634,0.097,4.5
883,Temple,2019,194.865,195.175,194.781,193.814,0.967,1.3
884,Texas Woman's,2019,193.945,194.4,193.83,192.541,1.289,0.6
885,Towson,2019,193.595,194.075,193.35,192.806,0.544,1.1
886,UC Davis,2019,195.265,195.525,194.835,194.764,0.071,3.1
887,UCLA,2019,198.070,198.4,197.79,197.763,0.027,44.0
888,Ursinus College,2019,184.370,186.825,184.812,183.663,1.149,0.0
889,Utah,2019,197.535,198.025,197.4,197.223,0.177,28.2
890,Utah State,2019,195.035,196.075,194.781,194.882,-0.101,4.8
891,UW-Eau Claire,2019,183.355,185.725,182.933,182.192,0.741,0.0
892,UW-La Crosse,2019,186.950,189.0,186.887,186.515,0.372,0.0
893,UW-Oshkosh,2019,188.535,191.85,184.613,187.404,-2.791,0.0
894,UW-Stout,2019,188.820,190.275,188.363,188.095,0.268,0.0
895,UW-Whitewater,2019,187.615,190.675,187.733,186.075,1.658,0.0
896,Washington,2019,196.505,196.975,196.187,196.222,-0.035,10.5
897,West Chester,2019,192.790,193.3,191.617,191.975,-0.358,0.3
898,West Virginia,2019,195.845,196.425,195.68,195.353,0.327,7.1
899,Western Michigan,2019,194.530,195.075,194.375,193.668,0.707,1.4
900,William & Mary,2019,192.520,192.975,192.683,191.686,0.997,1.3
901,Winona State,2019,183.910,188.0,181.658,183.832,-2.174,0.0
902,Yale,2019,194.460,195.1,193.712,194.353,-0.641,1.4
903,Seattle Pacific,2019,191.770,192.625,192.505,190.562,1.943,0.0
904,UIC,2019,195.640,196.15,194.95,195.173,-0.223,2.4
905,Air Force,2021,193.285,194.4,193.533,192.011,1.522,0.7
906,Alabama,2021,197.545,197.875,197.181,197.178,0.003,28.8
907,Arizona,2021,195.630,196.075,194.981,195.375,-0.394,3.8
908,Arizona State,2021,197.000,197.6,196.64,196.456,0.184,15.5
909,Arkansas,2021,197.145,197.425,197.056,196.696,0.36,26.0
910,Auburn,2021,196.705,197.125,196.744,195.905,0.839,15.3
911,Ball State,2021,195.400,195.975,194.356,195.329,-0.973,4.1
912,Boise State,2021,196.600,196.9,196.55,195.9,0.65,9.9
913,Bowling Green,2021,193.160,194.6,192.525,193.3,-0.775,0.9
914,BYU,2021,196.980,197.3,197.031,196.467,0.564,14.7
915,California,2021,197.575,198.05,197.125,197.258,-0.133,30.6
916,Centenary College,2021,189.420,192.3,189.012,188.421,0.591,0.0
917,Central Michigan,2021,196.045,196.425,196.233,194.907,1.326,9.1
918,Denver,2021,197.175,197.65,196.755,196.946,-0.191,25.4
919,Eastern Michigan,2021,195.795,196.1,195.212,195.128,0.084,4.0
920,Florida,2021,197.830,198.275,197.719,197.522,0.197,40.1
921,George Washington,2021,0,195.8,195.675,194.512,1.163,3.3
922,Georgia,2021,196.540,197.325,196.675,196.29,0.385,14.8
923,Gustavus Adolphus,2021,0,183.725,177.188,181.863,-4.675,0.0
924,Hamline,2021,0,181.55,179.338,180.3,-0.962,0.0
925,Illinois,2021,196.510,197.575,196.608,196.15,0.458,9.5
926,Illinois State,2021,194.885,195.725,193.983,193.229,0.754,3.3
927,Iowa,2021,196.715,197.05,196.644,196.461,0.183,18.6
928,Iowa State,2021,196.485,197.05,196.113,196.025,0.088,12.5
929,Kent State,2021,195.570,196.375,195.29,195.089,0.201,6.2
930,Kentucky,2021,197.000,197.6,196.681,196.704,-0.023,19.9
931,Lindenwood,2021,195.060,195.575,194.417,193.984,0.433,1.8
932,LIU,2021,191.365,193.1,191.017,190.76,0.257,1.1
933,LSU,2021,197.702,198.05,197.419,197.383,0.036,37.2
934,Maryland,2021,195.650,196.275,195.438,195.369,0.069,6.6
935,Michigan,2021,197.948,198.25,196.662,197.848,-1.186,42.0
936,Michigan State,2021,0,195.775,195.775,194.5,1.275,4.2
937,Minnesota,2021,197.490,197.75,197.295,196.852,0.443,33.1
938,Missouri,2021,196.465,197.325,195.963,196.011,-0.048,9.9
939,Nebraska,2021,195.415,196.15,194.6,195.308,-0.708,7.0
940,New Hampshire,2021,195.205,196.125,194.881,194.587,0.294,6.1
941,North Carolina,2021,195.325,196.15,195.725,195.171,0.554,5.0
942,North Carolina State,2021,196.335,196.9,196.035,195.788,0.247,8.3
943,Northern Illinois,2021,195.000,195.525,194.575,194.243,0.332,3.0
944,Ohio State,2021,196.145,196.525,196.188,195.569,0.619,5.3
945,Oklahoma,2021,198.075,198.225,197.06,197.689,-0.629,40.1
946,Oregon State,2021,196.270,196.55,194.875,196.025,-1.15,14.9
947,Penn State,2021,195.580,196.0,195.044,195.439,-0.395,5.2
948,Pittsburgh,2021,194.190,195.7,194.242,193.26,0.982,2.0
949,Rutgers,2021,195.165,195.975,193.706,195.05,-1.344,4.8
950,S.E. Missouri,2021,194.655,195.15,194.385,192.758,1.627,3.3
951,San Jose State,2021,0,194.475,194.375,193.717,0.658,0.0
952,Southern Utah,2021,196.405,197.275,196.512,195.806,0.706,9.8
953,Stanford,2021,0,195.175,194.025,193.183,0.842,5.0
954,Temple,2021,195.460,196.5,194.269,194.988,-0.719,3.1
955,Texas Woman's,2021,194.255,195.15,192.475,193.794,-1.319,2.2
956,Towson,2021,195.765,196.15,195.065,195.078,-0.013,3.9
957,UCLA,2021,197.040,197.275,196.719,196.779,-0.06,27.4
958,Utah,2021,197.665,197.987,197.285,197.468,-0.183,31.5
959,Utah State,2021,196.365,196.775,195.744,196.068,-0.324,4.9
960,UW-Eau Claire,2021,0,181.325,180.087,174.887,5.2,0.0
961,UW-La Crosse,2021,0,189.2,187.613,188.25,-0.637,0.0
962,UW-Oshkosh,2021,0,188.1,185.962,186.287,-0.325,0.0
963,UW-Stout,2021,0,184.425,183.562,183.012,0.55,0.0
964,UW-Whitewater,2021,0,188.675,188.05,188.25,-0.2,0.0
965,Washington,2021,194.720,196.525,194.53,194.185,0.345,6.6
966,West Virginia,2021,195.725,196.1,195.46,195.171,0.289,4.2
967,Western Michigan,2021,195.340,196.05,194.956,194.95,0.006,4.5
968,William & Mary,2021,0,190.85,190.85,190.125,0.725,0.0
969,Winona State,2021,0,181.9,179.55,179.662,-0.112,0.0
970,Air Force,2022,195.030,195.7,194.469,193.902,0.567,1.4
971,Alabama,2022,197.935,198.175,197.715,197.392,0.323,41.1
972,Alaska,2022,191.695,192.25,188.733,190.886,-2.153,0.0
973,Arizona,2022,196.495,196.85,195.865,196.088,-0.223,10.9
974,Arizona State,2022,196.905,197.8,196.737,196.596,0.141,17.0
975,Arkansas,2022,196.920,197.2,196.295,196.644,-0.349,19.7
976,Auburn,2022,197.808,198.575,197.79,197.349,0.441,35.4
977,Ball State,2022,195.585,196.325,194.675,194.878,-0.203,3.2
978,Boise State,2022,196.600,197.0,196.081,196.417,-0.336,16.2
979,Bowling Green,2022,194.245,195.7,193.475,193.297,0.178,1.0
980,Bridgeport,2022,188.515,189.925,188.7,187.171,1.529,1.8
981,Brockport,2022,192.285,192.8,189.75,191.531,-1.781,0.8
982,Brown,2022,194.200,195.975,193.6,192.467,1.133,2.9
983,BYU,2022,196.675,197.225,196.795,196.25,0.545,15.4
984,California,2022,197.440,197.9,197.335,197.078,0.257,28.8
985,Centenary College,2022,188.135,191.575,189.108,187.529,1.579,0.0
986,Central Michigan,2022,196.140,196.65,195.425,195.107,0.318,7.0
987,Cornell,2022,192.200,194.175,191.656,191.636,0.02,0.4
988,Cortland State,2022,183.825,188.225,185.783,181.917,3.866,0.0
989,Denver,2022,197.125,197.6,196.75,196.75,0.0,20.5
990,Eastern Michigan,2022,194.880,195.375,194.737,193.596,1.141,3.4
991,Florida,2022,198.260,198.775,197.835,198.004,-0.169,55.0
992,George Washington,2022,196.075,196.375,195.613,195.317,0.296,6.7
993,Georgia,2022,196.575,197.175,196.13,196.018,0.112,13.9
994,Gustavus Adolphus,2022,182.235,184.8,181.575,182.881,-1.306,0.0
995,Hamline,2022,180.525,184.4,179.608,180.744,-1.136,0.0
996,Illinois,2022,196.970,197.375,196.713,196.119,0.594,16.2
997,Illinois State,2022,195.230,195.875,194.3,194.25,0.05,6.0
998,Iowa,2022,196.795,197.075,196.256,196.538,-0.282,19.2
999,Iowa State,2022,196.530,196.875,196.012,195.936,0.076,10.3
1000,Ithaca College,2022,189.145,192.325,187.969,187.746,0.223,0.0
1001,Kent State,2022,196.055,196.85,195.613,195.757,-0.144,6.6
1002,Kentucky,2022,197.510,197.75,197.285,197.032,0.253,29.6
1003,Lindenwood,2022,194.770,195.475,193.242,194.32,-1.078,2.5
1004,LIU,2022,194.395,195.075,194.544,193.291,1.253,5.2
1005,LSU,2022,197.735,198.125,197.71,197.133,0.577,40.7
1006,Maryland,2022,196.765,197.175,196.375,195.778,0.597,10.6
1007,Michigan,2022,198.015,198.525,197.835,197.629,0.206,48.2
1008,Michigan State,2022,197.375,197.65,196.94,196.944,-0.004,26.4
1009,Minnesota,2022,197.780,198.025,197.6,197.136,0.464,37.2
1010,Missouri,2022,197.370,197.675,197.319,196.961,0.358,24.0
1011,Nebraska,2022,196.080,196.75,195.385,195.754,-0.369,7.9
1012,New Hampshire,2022,195.625,196.45,195.15,194.688,0.462,7.8
1013,North Carolina,2022,196.230,196.625,195.8,195.694,0.106,9.3
1014,North Carolina State,2022,196.330,196.925,195.95,195.797,0.153,7.1
1015,Northern Illinois,2022,195.790,196.35,195.45,194.841,0.609,6.2
1016,Ohio State,2022,196.940,197.525,196.525,196.471,0.054,18.6
1017,Oklahoma,2022,198.205,198.475,197.91,197.919,-0.009,53.4
1018,Oregon State,2022,197.255,197.425,196.885,196.992,-0.107,27.6
1019,Penn State,2022,196.060,196.55,195.469,195.611,-0.142,8.6
1020,Pennsylvania,2022,195.235,196.95,194.233,194.759,-0.526,4.2
1021,Pittsburgh,2022,195.860,196.775,195.338,195.064,0.274,3.8
1022,Rhode Island College,2022,184.270,187.025,182.7,184.368,-1.668,0.0
1023,Rutgers,2022,195.735,196.4,195.288,195.206,0.082,9.2
1024,S.E. Missouri,2022,193.760,194.2,194.15,192.775,1.375,6.1
1025,Sacramento State,2022,193.955,195.4,194.869,192.429,2.44,3.4
1026,San Jose State,2022,196.260,196.625,196.108,195.569,0.539,9.1
1027,Southern Conn.,2022,191.310,194.2,189.5,190.306,-0.806,0.0
1028,Southern Utah,2022,196.690,197.0,196.725,195.643,1.082,10.1
1029,Springfield College,2022,186.095,190.3,187.867,183.788,4.079,0.0
1030,Stanford,2022,196.825,197.45,196.675,196.205,0.47,15.9
1031,Temple,2022,195.770,196.675,194.55,195.281,-0.731,4.5
1032,Texas Woman's,2022,195.435,196.025,194.285,194.169,0.116,3.2
1033,Towson,2022,196.265,196.7,196.029,195.497,0.532,3.6
1034,UC Davis,2022,195.915,196.325,195.35,195.267,0.083,8.5
1035,UCLA,2022,197.500,198.05,197.385,196.518,0.867,32.3
1036,Ursinus College,2022,186.670,188.45,187.037,185.588,1.449,0.0
1037,Utah,2022,198.005,198.575,197.885,197.653,0.232,46.9
1038,Utah State,2022,196.645,197.025,196.081,196.233,-0.152,13.5
1039,UW-Eau Claire,2022,182.570,187.45,183.025,182.785,0.24,0.0
1040,UW-La Crosse,2022,190.015,192.575,188.042,190.229,-2.187,0.0
1041,UW-Oshkosh,2022,191.460,194.1,191.487,190.107,1.38,0.0
1042,UW-Stout,2022,187.570,189.625,186.842,188.312,-1.47,0.0
1043,UW-Whitewater,2022,191.410,192.275,190.656,189.8,0.856,0.0
1044,Washington,2022,196.825,197.275,196.54,195.506,1.034,12.9
1045,West Chester,2022,193.340,195.25,193.356,193.081,0.275,1.6
1046,West Virginia,2022,196.315,196.65,195.994,195.894,0.1,9.6
1047,Western Michigan,2022,196.215,196.725,196.317,195.312,1.005,5.6
1048,William & Mary,2022,190.290,192.675,186.375,190.028,-3.653,0.0
1049,Winona State,2022,183.615,186.225,181.55,183.625,-2.075,0.0
1050,Yale,2022,194.210,195.05,193.375,193.175,0.2,1.1
