,Year,School,Final Rank,Scores >= 9.9,Location Delta,Ave Athlete Delta,Ave Roster Rating
249,2012,Air Force,59,0.0,1.69,1.225,9.178
250,2012,Alabama,1,28.1,0.352,1.106,9.439
251,2012,Alaska,65,0.0,1.783,1.25,9.22
252,2012,Arizona,22,6.0,0.541,0.942,9.533
253,2012,Arizona State,27,0.7,-0.155,2.825,9.094
254,2012,Arkansas,6,19.2,0.62,0.425,9.681
255,2012,Auburn,15,7.3,1.503,0.805,9.536
256,2012,Ball State,52,0.3,1.792,0.908,9.162
257,2012,Boise State,14,9.7,0.037,0.512,9.616
258,2012,Bowling Green,48,0.7,0.712,2.975,9.525
259,2012,Bridgeport,38,6.9,1.575,1.967,9.208
260,2012,Brockport,69,0.0,0.442,1.006,8.96
261,2012,Brown,62,0.0,-1.813,1.525,9.162
262,2012,BYU,37,2.0,-0.25,1.55,9.018
263,2012,California,49,0.0,0.716,1.2,9.334
264,2012,Centenary College,61,0.0,3.37,2.588,8.908
265,2012,Central Michigan,34,0.9,-0.339,1.767,9.253
266,2012,Cornell,63,0.0,0.994,0.485,9.023
267,2012,Cortland State,68,0.0,0.581,1.438,8.824
268,2012,Denver,23,7.4,0.743,1.175,9.569
269,2012,Eastern Michigan,53,0.0,0.707,1.7,9.163
270,2012,Florida,2,29.5,0.384,0.5,9.6
271,2012,George Washington,51,0.3,0.212,1.475,9.146
272,2012,Georgia,11,20.9,0.547,0.6,9.75
273,2012,Gustavus Adolphus,80,0.0,-0.154,13.0,13.0
274,2012,Hamline,78,0.0,0.892,13.0,13.0
275,2012,Illinois,18,4.7,0.556,0.762,9.531
276,2012,Illinois State,43,0.0,-0.14,1.238,9.006
277,2012,Iowa,26,1.9,0.081,0.917,6.283
278,2012,Iowa State,35,2.8,0.612,1.775,9.456
279,2012,Ithaca College,70,0.0,2.574,13.0,13.0
280,2012,Kent State,33,3.4,1.514,1.14,9.409
281,2012,Kentucky,25,1.0,0.414,1.075,7.092
282,2012,LSU,9,11.0,0.311,1.508,9.542
283,2012,Maryland,28,4.8,0.002,1.767,9.077
284,2012,Michigan,13,9.4,-0.47,0.9,9.654
285,2012,Michigan State,32,2.1,0.373,0.775,9.417
286,2012,Minnesota,24,1.2,0.02,1.538,9.456
287,2012,Missouri,20,8.3,0.211,1.865,9.19
288,2012,Nebraska,8,23.5,-0.483,13.0,13.0
289,2012,New Hampshire,31,2.6,1.45,2.85,9.153
290,2012,North Carolina,30,3.7,0.459,0.725,9.56
291,2012,North Carolina State,17,3.3,0.571,1.275,9.538
292,2012,Northern Illinois,46,0.7,-0.67,1.056,9.001
293,2012,Ohio State,10,8.0,0.806,0.558,9.525
294,2012,Oklahoma,7,18.1,0.132,1.6,6.129
295,2012,Oregon State,12,14.1,0.487,0.908,9.516
296,2012,Penn State,16,11.1,0.305,1.412,9.54
297,2012,Pennsylvania,55,0.6,0.601,1.217,6.129
298,2012,Pittsburgh,40,0.7,1.289,0.938,9.256
299,2012,Rhode Island College,81,0.0,-0.436,13.0,13.0
300,2012,Rutgers,54,1.0,-0.621,1.112,9.406
301,2012,S.E. Missouri,56,1.1,3.642,1.05,9.294
302,2012,Sacramento State,41,2.0,-0.555,0.915,9.211
303,2012,San Jose State,36,2.9,0.811,1.15,9.253
304,2012,Southern Conn.,66,0.8,1.184,1.379,8.877
305,2012,Southern Utah,42,2.1,0.7,1.569,9.203
306,2012,Springfield College,73,0.0,3.329,3.125,8.689
307,2012,Stanford,4,18.2,-0.635,0.888,9.453
308,2012,Temple,60,0.4,2.88,2.206,9.101
309,2012,Texas Woman's,45,1.4,-0.007,1.325,9.446
310,2012,Towson,44,1.7,0.772,1.567,9.3
311,2012,UC Davis,50,0.3,0.454,2.6,9.2
312,2012,UCLA,3,30.6,0.729,0.55,9.419
313,2012,Ursinus College,71,0.0,-0.956,-0.45,8.742
314,2012,Utah,5,22.8,0.532,0.712,9.714
315,2012,Utah State,47,0.0,1.004,1.267,9.185
316,2012,UW-Eau Claire,75,0.0,2.95,13.0,13.0
317,2012,UW-La Crosse,74,0.0,0.153,0.342,9.05
318,2012,UW-Oshkosh,79,0.0,-0.967,1.1,9.062
319,2012,UW-Stout,76,0.0,-0.45,2.738,8.753
320,2012,UW-Whitewater,72,0.0,0.969,-0.062,9.066
321,2012,Washington,18,1.3,1.206,1.038,9.497
322,2012,West Chester,67,0.0,1.744,1.338,9.088
323,2012,West Virginia,21,3.2,0.28,1.1,9.342
324,2012,Western Michigan,39,0.9,-0.477,1.3,9.444
325,2012,William & Mary,57,0.0,1.161,1.638,9.248
326,2012,Winona State,77,0.4,0.666,-0.162,8.638
327,2012,Yale,64,0.0,-0.196,1.408,9.306
328,2012,Seattle Pacific,58,0.0,-0.197,2.169,9.088
329,2012,UIC,29,0.6,0.59,0.975,9.281
331,2013,Air Force,56,0.3,1.486,0.617,9.344
332,2013,Alabama,3,30.8,-0.083,0.6,9.775
333,2013,Alaska,62,0.0,1.019,1.212,9.247
334,2013,Arizona,17,6.6,0.534,1.038,9.544
335,2013,Arizona State,24,2.1,0.441,0.915,9.439
336,2013,Arkansas,10,8.4,0.169,0.475,9.606
337,2013,Auburn,13,9.4,0.101,0.7,9.788
338,2013,Ball State,51,0.3,0.663,0.738,9.161
339,2013,Boise State,23,10.1,0.829,0.925,9.402
340,2013,Bowling Green,48,1.4,-0.014,1.062,9.42
341,2013,Bridgeport,34,7.9,-0.799,13.0,13.0
342,2013,Brockport,70,0.0,0.444,1.125,9.092
343,2013,Brown,61,0.0,0.282,1.319,9.224
344,2013,BYU,33,1.3,0.259,0.842,9.411
345,2013,California,28,4.2,1.161,0.65,9.465
346,2013,Centenary College,66,0.0,1.37,3.667,6.151
347,2013,Central Michigan,25,3.0,0.346,1.112,9.308
348,2013,Cornell,60,0.0,-0.622,0.453,9.237
349,2013,Cortland State,71,0.0,2.605,1.117,9.156
350,2013,Denver,20,11.1,0.178,1.294,9.424
351,2013,Eastern Michigan,49,0.0,0.591,1.306,9.299
352,2013,Florida,1,43.8,-0.13,13.0,13.0
353,2013,George Washington,39,1.0,0.181,0.4,9.469
354,2013,Georgia,6,24.5,-0.28,0.763,9.305
355,2013,Gustavus Adolphus,81,0.0,1.375,13.0,13.0
356,2013,Hamline,79,0.0,-4.896,3.483,5.567
357,2013,Illinois,11,8.3,0.484,1.206,9.254
358,2013,Illinois State,46,0.7,-0.727,0.569,9.4
359,2013,Iowa,30,4.6,0.512,0.855,9.304
360,2013,Iowa State,27,1.0,-0.297,0.688,9.464
361,2013,Ithaca College,77,0.0,-0.496,13.0,13.0
362,2013,Kent State,36,5.9,0.843,0.512,9.538
363,2013,Kentucky,21,4.2,-0.172,0.65,9.548
364,2013,Lindenwood,63,0.0,1.488,0.997,9.378
365,2013,LSU,5,26.2,-0.038,0.575,9.75
366,2013,Maryland,22,12.3,0.299,0.788,9.522
367,2013,Michigan,7,23.3,0.042,1.383,9.428
368,2013,Michigan State,37,3.7,-0.24,1.54,9.291
369,2013,Minnesota,8,14.8,0.511,0.7,9.652
370,2013,Missouri,43,3.8,-0.534,0.683,9.504
371,2013,Nebraska,14,23.2,0.381,0.95,9.685
372,2013,New Hampshire,41,2.7,1.057,0.875,9.298
373,2013,North Carolina,35,0.7,0.336,1.112,9.496
374,2013,North Carolina State,26,3.3,0.843,0.983,9.573
375,2013,Northern Illinois,50,0.0,-0.089,0.905,9.277
376,2013,Ohio State,18,8.5,0.801,1.0,9.511
377,2013,Oklahoma,2,30.7,0.529,0.634,9.685
378,2013,Oregon State,16,16.2,0.604,0.256,9.622
379,2013,Penn State,15,9.6,0.64,0.667,9.504
380,2013,Pennsylvania,59,0.7,2.566,1.15,9.201
381,2013,Pittsburgh,32,2.8,0.356,1.375,9.292
382,2013,Rhode Island College,82,0.0,-2.403,-2.65,8.862
383,2013,Rutgers,44,2.0,0.406,0.61,9.069
384,2013,S.E. Missouri,47,1.0,1.268,0.15,9.413
385,2013,Sacramento State,38,1.0,0.406,1.513,9.244
386,2013,San Jose State,40,2.0,0.291,1.0,9.221
387,2013,Southern Conn.,67,0.0,0.301,0.608,9.271
388,2013,Southern Utah,31,0.7,1.437,0.783,9.496
389,2013,Springfield College,76,0.0,-0.184,1.225,8.475
390,2013,Stanford,12,18.5,0.836,0.15,9.623
391,2013,Temple,65,0.0,-0.631,1.775,8.947
392,2013,Texas Woman's,55,1.2,0.386,0.025,9.119
393,2013,Towson,53,0.0,0.731,1.395,9.368
394,2013,UC Davis,42,2.4,0.637,1.467,9.413
395,2013,UCLA,4,24.9,0.278,1.062,9.388
396,2013,Ursinus College,74,0.0,1.367,1.762,8.962
397,2013,Utah,9,23.4,0.711,0.85,9.712
398,2013,Utah State,54,0.8,0.676,0.63,9.259
399,2013,UW-Eau Claire,78,0.0,-0.472,13.0,13.0
400,2013,UW-La Crosse,72,0.0,-0.228,0.935,8.885
401,2013,UW-Oshkosh,80,0.0,1.421,1.717,8.835
402,2013,UW-Stout,73,0.0,0.38,-0.208,9.312
403,2013,UW-Whitewater,68,0.0,2.615,1.515,5.463
404,2013,Washington,19,2.9,0.513,0.775,9.46
405,2013,West Chester,69,0.0,2.213,1.329,9.01
406,2013,West Virginia,29,5.9,1.3,0.708,9.398
407,2013,Western Michigan,45,1.6,1.26,1.525,9.406
408,2013,William & Mary,57,0.8,-0.296,0.7,9.229
409,2013,Winona State,75,0.0,0.271,0.95,9.369
410,2013,Yale,64,0.4,0.121,1.875,9.319
411,2013,Seattle Pacific,58,0.0,-0.325,2.538,9.235
412,2013,UIC,52,0.0,-0.264,13.0,13.0
413,2014,Air Force,51,0.0,0.476,1.13,9.154
414,2014,Alabama,4,35.1,0.342,0.7,9.738
415,2014,Alaska,67,0.0,0.068,2.208,9.085
416,2014,Arizona,24,9.3,1.119,0.958,9.473
417,2014,Arizona State,30,2.8,0.421,0.342,9.536
418,2014,Arkansas,15,15.3,0.492,0.483,9.671
419,2014,Auburn,20,14.6,0.41,0.5,9.641
420,2014,Ball State,55,1.0,1.205,1.571,9.3
421,2014,Boise State,19,10.7,0.248,0.794,9.437
422,2014,Bowling Green,40,1.3,1.084,1.238,9.397
423,2014,Bridgeport,53,1.1,1.671,0.925,9.201
424,2014,Brockport,70,0.4,2.927,1.355,9.01
425,2014,Brown,57,0.7,1.115,0.615,9.391
426,2014,BYU,29,4.2,1.013,0.425,8.95
427,2014,California,16,7.2,0.702,0.483,9.661
428,2014,Centenary College,65,0.0,1.378,1.1,9.117
429,2014,Central Michigan,17,8.6,-0.579,1.588,9.45
430,2014,Cornell,61,0.0,0.306,1.292,9.069
431,2014,Cortland State,71,0.4,-2.194,1.45,9.034
432,2014,Denver,18,9.2,0.1,0.715,9.466
433,2014,Eastern Michigan,46,0.0,0.971,1.0,9.282
434,2014,Florida,1,43.0,0.527,0.725,9.663
435,2014,George Washington,42,1.4,0.628,0.075,9.556
436,2014,Georgia,5,30.9,0.248,0.6,9.7
437,2014,Gustavus Adolphus,82,0.0,-0.485,13.0,13.0
438,2014,Hamline,79,0.4,0.654,13.0,13.0
439,2014,Illinois,11,10.7,0.337,1.15,9.606
440,2014,Illinois State,60,0.7,0.812,0.612,9.459
441,2014,Iowa,38,0.7,0.025,1.167,9.365
442,2014,Iowa State,21,4.8,0.456,1.55,8.175
443,2014,Ithaca College,80,0.0,5.681,2.75,8.738
444,2014,Kent State,28,5.2,0.385,0.875,9.31
445,2014,Kentucky,21,6.5,0.966,1.513,9.044
446,2014,Lindenwood,58,0.3,0.474,0.9,9.369
447,2014,LSU,3,37.8,0.262,0.844,9.519
448,2014,Maryland,32,2.3,0.627,0.288,9.544
449,2014,Michigan,10,23.5,0.447,1.05,9.638
450,2014,Michigan State,39,4.1,-0.133,0.845,9.394
451,2014,Minnesota,14,16.9,-0.238,0.867,9.604
452,2014,Missouri,41,4.3,0.151,0.47,9.52
453,2014,Nebraska,6,21.7,-0.209,1.008,9.477
454,2014,New Hampshire,25,1.3,1.517,0.8,9.564
455,2014,North Carolina,44,0.7,0.806,0.45,9.516
456,2014,North Carolina State,31,4.2,0.521,0.475,9.444
457,2014,Northern Illinois,49,0.7,-0.785,0.643,9.394
458,2014,Ohio State,23,5.6,0.026,0.769,9.533
459,2014,Oklahoma,1,41.0,-0.435,0.594,9.753
460,2014,Oregon State,13,9.5,0.51,0.725,9.475
461,2014,Penn State,12,8.1,1.042,0.6,9.644
462,2014,Pennsylvania,63,0.0,2.261,1.062,9.259
463,2014,Pittsburgh,43,1.8,0.389,0.89,9.455
464,2014,Rhode Island College,81,0.0,-4.079,2.0,8.862
465,2014,Rutgers,35,2.5,0.242,1.05,9.408
466,2014,S.E. Missouri,48,0.7,0.287,1.245,9.495
467,2014,Sacramento State,45,1.0,1.053,0.412,9.195
468,2014,San Jose State,33,2.4,0.794,0.508,9.471
469,2014,Southern Conn.,68,0.4,-1.61,0.883,9.204
470,2014,Southern Utah,26,1.4,0.016,0.921,9.497
471,2014,Springfield College,76,0.0,4.154,13.0,13.0
472,2014,Stanford,9,17.1,0.025,0.325,9.668
473,2014,Temple,62,0.0,1.48,1.562,9.191
474,2014,Texas Woman's,47,1.5,0.395,1.367,9.208
475,2014,Towson,59,0.0,-0.716,2.15,9.186
476,2014,UC Davis,34,1.9,0.649,1.287,9.216
477,2014,UCLA,8,28.5,0.007,0.162,4.672
478,2014,Ursinus College,73,0.0,-0.879,2.983,8.726
479,2014,Utah,7,34.0,0.248,0.975,9.7
480,2014,Utah State,36,1.8,0.689,1.046,9.412
481,2014,UW-Eau Claire,76,0.0,0.821,-0.9,9.138
482,2014,UW-La Crosse,72,0.0,-1.682,0.412,9.123
483,2014,UW-Oshkosh,74,0.0,-1.028,0.15,9.163
484,2014,UW-Stout,78,0.0,0.087,1.562,9.228
485,2014,UW-Whitewater,69,0.4,-0.009,0.59,9.29
486,2014,Washington,26,2.5,0.888,0.913,9.511
487,2014,West Chester,66,0.0,1.286,1.54,9.139
488,2014,West Virginia,37,4.0,1.452,0.555,9.505
489,2014,Western Michigan,50,0.8,0.692,0.844,9.439
490,2014,William & Mary,56,0.4,0.249,1.712,9.375
491,2014,Winona State,75,0.0,-2.189,0.45,9.438
492,2014,Yale,64,0.0,-3.016,1.85,9.167
493,2014,Seattle Pacific,54,0.6,-0.389,1.256,9.196
494,2014,UIC,52,1.3,0.059,0.575,9.144
495,2015,Air Force,62,0.0,1.3,0.35,9.467
496,2015,Alabama,4,32.0,0.071,0.75,9.489
497,2015,Alaska,61,0.4,1.023,0.908,9.14
498,2015,Arizona,17,4.5,0.637,0.8,9.533
499,2015,Arizona State,49,2.8,0.33,13.0,13.0
500,2015,Arkansas,14,12.2,0.111,0.25,9.642
501,2015,Auburn,6,16.7,0.833,0.225,9.575
502,2015,Ball State,52,1.4,0.19,0.806,9.369
503,2015,Boise State,20,11.6,0.578,0.81,9.49
504,2015,Bowling Green,42,0.7,1.699,0.519,9.349
505,2015,Bridgeport,46,5.4,0.929,2.375,8.992
506,2015,Brockport,68,0.0,1.823,1.15,8.985
507,2015,Brown,55,0.3,0.191,0.763,9.378
508,2015,BYU,36,3.5,-0.116,0.833,9.29
509,2015,California,18,10.8,0.553,0.745,9.559
510,2015,Centenary College,66,0.0,2.457,1.217,9.298
511,2015,Central Michigan,19,8.7,-1.273,0.967,9.335
512,2015,Cornell,64,0.0,0.208,1.11,9.206
513,2015,Cortland State,72,0.0,-0.537,2.258,8.996
514,2015,Denver,15,11.4,0.217,0.517,9.641
515,2015,Eastern Michigan,37,0.7,-0.342,1.008,9.492
516,2015,Florida,1,39.4,0.404,0.45,7.342
517,2015,George Washington,35,7.9,0.84,0.958,9.468
518,2015,Georgia,9,18.3,0.233,0.725,9.504
519,2015,Gustavus Adolphus,81,0.0,-0.443,1.875,9.2
520,2015,Hamline,78,0.0,1.229,1.75,7.674
521,2015,Illinois,13,11.6,-0.14,0.267,9.365
522,2015,Illinois State,53,0.7,-0.301,0.45,9.352
523,2015,Iowa,31,6.6,0.306,1.081,9.427
524,2015,Iowa State,29,3.8,0.696,1.308,9.373
525,2015,Ithaca College,74,0.0,-3.118,1.445,8.924
526,2015,Kent State,38,6.8,2.008,1.142,9.523
527,2015,Kentucky,24,3.4,0.82,0.458,9.667
528,2015,Lindenwood,50,2.5,0.915,0.587,9.556
529,2015,LSU,10,35.2,0.628,0.625,9.762
530,2015,Maryland,33,2.6,-0.689,0.812,9.6
531,2015,Michigan,7,26.7,0.279,0.888,9.653
532,2015,Michigan State,26,7.2,-0.155,1.987,9.2
533,2015,Minnesota,23,13.4,0.007,0.342,9.646
534,2015,Missouri,21,3.9,-0.126,0.835,9.479
535,2015,Nebraska,8,18.3,0.058,0.492,9.769
536,2015,New Hampshire,32,2.6,0.628,0.669,9.438
537,2015,North Carolina,44,1.1,-0.01,0.675,9.601
538,2015,North Carolina State,25,3.0,-1.189,1.145,9.31
539,2015,Northern Illinois,45,1.4,0.639,1.638,9.482
540,2015,Ohio State,27,1.3,0.21,0.525,6.456
541,2015,Oklahoma,3,45.1,0.436,1.388,9.378
542,2015,Oregon State,12,14.6,-0.457,1.162,9.304
543,2015,Penn State,22,10.8,0.081,0.308,9.719
544,2015,Pennsylvania,57,0.0,-0.96,1.5,9.267
545,2015,Pittsburgh,51,1.5,0.068,0.544,9.418
546,2015,Rhode Island College,82,0.0,0.884,1.8,8.919
547,2015,Rutgers,46,1.0,0.892,0.869,9.442
548,2015,S.E. Missouri,56,0.3,0.491,0.956,9.31
549,2015,Sacramento State,48,0.0,0.408,0.958,9.531
550,2015,San Jose State,41,1.0,-0.06,1.317,9.383
551,2015,Southern Conn.,70,0.4,1.216,1.306,9.067
552,2015,Southern Utah,16,5.1,0.122,13.0,13.0
553,2015,Springfield College,75,0.0,-0.113,1.081,9.067
554,2015,Stanford,5,23.6,0.676,0.9,9.762
555,2015,Temple,66,0.0,1.297,0.767,9.25
556,2015,Texas Woman's,59,1.8,1.822,1.58,9.329
557,2015,Towson,43,2.0,0.439,1.275,9.542
558,2015,UC Davis,39,3.1,0.998,0.875,9.45
559,2015,UCLA,11,25.5,0.258,0.8,9.6
560,2015,Ursinus College,69,0.0,0.431,1.65,8.936
561,2015,Utah,2,36.2,0.39,0.456,9.785
562,2015,Utah State,30,0.0,-0.358,0.35,9.538
563,2015,UW-Eau Claire,79,0.0,-0.033,1.294,8.736
564,2015,UW-La Crosse,73,0.0,-0.056,1.261,9.118
565,2015,UW-Oshkosh,80,0.0,-0.267,1.625,8.983
566,2015,UW-Stout,77,0.0,-1.16,0.938,9.019
567,2015,UW-Whitewater,71,0.0,1.497,0.643,9.213
568,2015,Washington,34,5.2,-0.131,0.442,9.623
569,2015,West Chester,65,0.0,1.873,1.225,9.217
570,2015,West Virginia,28,3.8,0.471,0.69,9.562
571,2015,Western Michigan,40,0.8,0.181,1.525,7.117
572,2015,William & Mary,54,1.2,1.566,2.463,8.744
573,2015,Winona State,76,0.0,-1.358,0.675,9.15
574,2015,Yale,63,0.4,-0.081,0.469,9.531
575,2015,Seattle Pacific,58,0.3,-0.858,1.295,9.205
576,2015,UIC,60,0.0,0.396,0.517,9.181
577,2016,Air Force,63,0.0,-0.05,1.695,9.229
578,2016,Alabama,3,23.7,-0.05,0.017,9.536
579,2016,Alaska,60,0.0,0.721,1.275,9.413
580,2016,Arizona,21,2.8,0.841,0.642,9.533
581,2016,Arizona State,51,3.8,0.582,0.865,9.565
582,2016,Arkansas,20,8.3,0.599,0.525,9.594
583,2016,Auburn,11,14.3,0.309,0.442,9.421
584,2016,Ball State,44,2.4,0.854,0.675,9.555
585,2016,Boise State,16,12.4,0.631,0.7,9.706
586,2016,Bowling Green,36,3.0,0.841,0.55,9.426
587,2016,Bridgeport,46,3.2,0.442,0.95,9.2
588,2016,Brockport,66,0.0,1.119,1.19,9.113
589,2016,Brown,53,0.6,0.087,0.967,9.079
590,2016,BYU,34,3.1,0.655,0.892,9.467
591,2016,California,7,9.9,0.661,0.975,9.531
592,2016,Centenary College,71,0.3,2.82,1.267,8.922
593,2016,Central Michigan,33,6.4,-0.134,1.081,9.417
594,2016,Cornell,56,0.7,-1.101,0.829,9.33
595,2016,Cortland State,73,0.0,1.139,1.35,8.989
596,2016,Denver,15,11.7,0.138,0.458,9.677
597,2016,Eastern Michigan,17,5.8,0.022,0.85,9.46
598,2016,Florida,4,37.2,0.639,0.406,9.608
599,2016,George Washington,24,6.4,0.109,1.162,9.497
600,2016,Georgia,6,21.1,0.374,0.525,9.825
601,2016,Gustavus Adolphus,81,0.0,-1.417,1.775,9.138
602,2016,Hamline,79,0.0,0.174,2.562,8.838
603,2016,Illinois,25,8.3,0.006,0.21,9.555
604,2016,Illinois State,61,1.0,0.696,0.405,9.335
605,2016,Iowa,23,5.9,-0.258,1.492,9.352
606,2016,Iowa State,38,3.6,0.733,0.583,9.6
607,2016,Ithaca College,78,0.0,-0.962,0.729,8.835
608,2016,Kent State,32,7.3,1.056,0.519,7.113
609,2016,Kentucky,22,4.4,0.006,1.271,9.46
610,2016,Lindenwood,49,1.7,1.398,1.675,9.281
611,2016,LSU,2,33.9,0.152,0.975,9.667
612,2016,Maryland,39,0.7,0.286,0.781,9.48
613,2016,Michigan,13,22.6,0.229,0.842,9.706
614,2016,Michigan State,28,4.1,-0.821,0.6,9.552
615,2016,Minnesota,12,11.6,-0.628,-0.142,9.833
616,2016,Missouri,19,7.9,0.373,0.675,9.55
617,2016,Nebraska,8,12.1,0.669,1.337,9.594
618,2016,New Hampshire,35,4.2,0.769,13.0,13.0
619,2016,North Carolina,52,2.2,0.14,13.0,13.0
620,2016,North Carolina State,37,4.5,1.033,0.88,9.475
621,2016,Northern Illinois,45,1.7,0.15,0.862,9.481
622,2016,Ohio State,29,3.1,0.341,0.912,9.556
623,2016,Oklahoma,1,39.8,0.094,0.492,9.748
624,2016,Oregon State,14,8.9,0.184,0.938,9.644
625,2016,Penn State,26,8.4,-0.564,0.888,9.656
626,2016,Pennsylvania,64,0.4,-0.185,0.39,9.312
627,2016,Pittsburgh,48,4.7,0.801,0.369,9.575
628,2016,Rhode Island College,82,0.0,1.467,2.425,4.319
629,2016,Rutgers,43,1.4,0.04,0.631,9.533
630,2016,S.E. Missouri,55,0.6,0.974,1.175,9.171
631,2016,Sacramento State,40,3.7,0.523,0.612,9.418
632,2016,San Jose State,46,0.4,-1.345,0.921,9.41
633,2016,Southern Conn.,70,0.0,-0.776,1.275,9.084
634,2016,Southern Utah,27,5.2,0.313,1.562,9.185
635,2016,Springfield College,75,0.0,0.192,2.75,8.918
636,2016,Stanford,10,14.0,-0.042,0.175,9.531
637,2016,Temple,66,0.0,0.052,0.3,9.417
638,2016,Texas Woman's,59,0.0,-0.001,0.85,9.337
639,2016,Towson,50,1.9,0.772,1.346,9.262
640,2016,UC Davis,42,1.9,0.988,0.775,9.5
641,2016,UCLA,5,20.9,0.372,0.925,9.555
642,2016,Ursinus College,72,0.0,1.383,1.15,8.712
643,2016,Utah,9,22.0,0.012,0.512,9.678
644,2016,Utah State,30,2.4,-0.266,0.713,9.528
645,2016,UW-Eau Claire,77,0.0,-0.988,0.783,9.267
646,2016,UW-La Crosse,68,0.4,0.198,0.019,9.236
647,2016,UW-Oshkosh,76,0.0,2.071,1.41,8.859
648,2016,UW-Stout,80,0.5,-1.305,0.35,8.766
649,2016,UW-Whitewater,69,0.0,0.061,0.738,9.176
650,2016,Washington,18,5.4,-0.139,0.45,9.268
651,2016,West Chester,65,0.0,1.321,0.4,8.969
652,2016,West Virginia,31,6.7,0.788,0.681,9.575
653,2016,Western Michigan,41,1.0,0.645,0.983,9.379
654,2016,William & Mary,57,0.0,0.636,0.544,9.333
655,2016,Winona State,74,0.4,-0.702,0.045,9.161
656,2016,Yale,62,0.0,-0.864,0.342,9.565
657,2016,Seattle Pacific,54,1.2,-0.873,0.037,9.325
658,2016,UIC,58,0.4,0.155,0.869,9.317
659,2017,Air Force,57,0.0,-0.334,0.805,9.294
660,2017,Alabama,6,23.9,0.512,1.0,9.575
661,2017,Alaska,68,0.8,0.052,1.525,9.044
662,2017,Arizona,26,6.1,-0.066,1.183,9.36
663,2017,Arizona State,41,0.4,0.377,0.54,9.435
664,2017,Arkansas,19,5.0,0.282,0.85,9.681
665,2017,Auburn,15,6.6,0.021,0.406,9.584
666,2017,Ball State,43,1.7,0.119,1.875,9.166
667,2017,Boise State,13,16.2,0.686,1.425,9.291
668,2017,Bowling Green,46,2.3,1.24,0.8,9.506
669,2017,Bridgeport,51,6.1,0.334,0.531,9.358
670,2017,Brockport,66,0.3,2.406,0.279,8.99
671,2017,Brown,60,0.3,-0.308,0.538,9.35
672,2017,BYU,33,3.2,0.872,0.821,9.417
673,2017,California,16,8.3,0.243,0.2,9.718
674,2017,Centenary College,70,0.0,2.192,0.975,8.942
675,2017,Central Michigan,25,9.7,-0.062,1.85,8.898
676,2017,Cornell,55,1.7,-0.659,1.12,9.27
677,2017,Cortland State,74,0.0,2.262,0.8,8.762
678,2017,Denver,9,14.0,0.58,0.462,9.74
679,2017,Eastern Michigan,27,5.5,-0.511,1.05,9.447
680,2017,Florida,3,34.3,0.286,0.925,9.496
681,2017,George Washington,23,4.7,0.138,0.512,9.347
682,2017,Georgia,12,16.5,0.612,2.55,9.075
683,2017,Gustavus Adolphus,81,0.0,0.492,0.125,9.044
684,2017,Hamline,80,0.0,-1.181,13.0,13.0
685,2017,Illinois,21,7.7,0.255,0.858,9.633
686,2017,Illinois State,58,1.1,0.212,1.045,9.455
687,2017,Iowa,18,8.8,0.155,3.338,9.228
688,2017,Iowa State,29,5.1,-0.562,0.792,9.51
689,2017,Ithaca College,77,0.0,-0.538,0.65,8.977
690,2017,Kent State,34,7.2,0.771,0.53,9.391
691,2017,Kentucky,14,12.8,0.561,0.792,9.637
692,2017,Lindenwood,50,2.0,0.909,1.81,9.265
693,2017,LSU,2,43.5,0.047,-0.138,4.85
694,2017,Maryland,37,2.5,0.074,1.245,9.36
695,2017,Michigan,10,23.4,0.868,0.775,9.654
696,2017,Michigan State,40,4.8,0.336,0.8,9.538
697,2017,Minnesota,30,5.9,0.606,0.338,9.519
698,2017,Missouri,17,10.9,0.285,0.95,9.656
699,2017,Nebraska,7,13.9,0.417,0.95,9.644
700,2017,New Hampshire,35,3.3,1.039,0.9,9.556
701,2017,North Carolina,36,4.5,0.661,0.589,9.316
702,2017,North Carolina State,44,2.9,1.463,0.475,9.493
703,2017,Northern Illinois,39,4.4,0.483,0.75,9.542
704,2017,Ohio State,24,4.1,0.134,0.812,9.638
705,2017,Oklahoma,1,50.3,-0.161,0.342,6.419
706,2017,Oregon State,11,17.6,0.72,0.6,9.61
707,2017,Penn State,31,7.2,0.729,0.325,9.65
708,2017,Pennsylvania,62,0.8,-0.261,1.04,9.098
709,2017,Pittsburgh,53,1.7,0.409,0.5,9.405
710,2017,Rhode Island College,82,0.0,-1.861,13.0,13.0
711,2017,Rutgers,49,1.0,0.721,0.288,9.616
712,2017,S.E. Missouri,64,1.0,1.4,1.188,9.15
713,2017,Sacramento State,46,1.1,-0.136,0.663,9.512
714,2017,San Jose State,48,1.5,1.4,1.025,9.312
715,2017,Southern Conn.,69,0.0,0.264,0.944,8.894
716,2017,Southern Utah,22,8.0,0.603,0.581,9.632
717,2017,Springfield College,73,0.0,2.989,1.975,6.682
718,2017,Stanford,28,7.7,1.66,0.35,9.583
719,2017,Temple,54,0.3,0.697,0.915,9.377
720,2017,Texas Woman's,52,1.4,1.186,1.008,9.477
721,2017,Towson,45,2.7,0.723,2.3,9.212
722,2017,UC Davis,42,2.7,0.104,0.888,9.112
723,2017,UCLA,4,29.2,-0.058,0.538,9.74
724,2017,Ursinus College,71,0.4,-0.55,0.894,9.156
725,2017,Utah,5,26.5,0.155,0.408,9.787
726,2017,Utah State,32,2.4,0.856,0.431,9.578
727,2017,UW-Eau Claire,78,0.0,-0.617,0.4,9.188
728,2017,UW-La Crosse,72,0.0,0.1,0.875,9.184
729,2017,UW-Oshkosh,79,0.0,-5.296,-0.125,9.086
730,2017,UW-Stout,76,0.0,-0.142,1.004,7.741
731,2017,UW-Whitewater,66,0.0,1.011,0.038,9.324
732,2017,Washington,8,13.2,0.585,0.355,9.68
733,2017,West Chester,61,1.3,1.643,0.738,9.125
734,2017,West Virginia,20,7.9,0.738,0.581,9.63
735,2017,Western Michigan,38,2.4,-0.686,0.408,9.384
736,2017,William & Mary,63,0.4,0.539,1.388,9.35
737,2017,Winona State,75,0.0,-0.015,0.472,9.075
738,2017,Yale,59,0.3,-0.036,0.575,9.483
739,2017,Seattle Pacific,65,1.0,-0.516,0.737,9.28
740,2017,UIC,56,0.3,0.778,1.4,9.125
741,2018,Air Force,57,2.0,0.329,0.679,9.349
742,2018,Alabama,8,25.1,0.075,0.225,9.556
743,2018,Alaska,69,0.0,0.25,0.588,9.353
744,2018,Arizona,38,5.1,0.581,0.108,9.606
745,2018,Arizona State,23,6.9,0.238,0.35,9.681
746,2018,Arkansas,10,16.8,0.824,0.662,9.731
747,2018,Auburn,14,12.6,0.57,0.415,9.591
748,2018,Ball State,42,2.1,-0.398,0.9,9.36
749,2018,Boise State,16,11.6,-0.006,0.169,9.572
750,2018,Bowling Green,40,4.7,0.47,1.008,9.485
751,2018,Bridgeport,55,1.8,-0.282,1.662,9.202
752,2018,Brockport,68,0.7,-2.275,0.539,9.017
753,2018,Brown,60,0.0,0.132,0.75,9.39
754,2018,BYU,17,7.4,0.407,0.6,9.606
755,2018,California,9,14.3,0.958,0.5,9.694
756,2018,Centenary College,71,0.0,0.961,0.817,9.267
757,2018,Central Michigan,29,10.7,1.264,0.288,9.375
758,2018,Cornell,59,0.6,0.002,0.894,9.276
759,2018,Cortland State,73,0.0,2.24,1.0,9.07
760,2018,Denver,15,23.8,0.623,0.758,9.733
761,2018,Eastern Michigan,47,2.4,0.123,0.593,9.381
762,2018,Florida,3,40.5,0.726,0.958,9.581
763,2018,George Washington,25,9.1,0.703,0.25,9.48
764,2018,Georgia,7,17.4,0.719,0.694,9.6
765,2018,Gustavus Adolphus,81,0.0,1.817,1.225,8.683
766,2018,Hamline,76,0.0,-1.43,0.0,0.0
767,2018,Illinois,19,7.6,-0.137,0.75,9.587
768,2018,Illinois State,64,0.3,0.339,0.294,9.261
769,2018,Iowa,33,4.8,0.36,0.588,9.302
770,2018,Iowa State,24,6.7,0.142,0.625,9.678
771,2018,Ithaca College,70,0.0,-0.262,0.979,9.044
772,2018,Kent State,34,10.1,0.627,0.612,9.317
773,2018,Kentucky,12,12.8,-0.274,0.438,9.406
774,2018,Lindenwood,43,2.9,0.774,0.719,9.553
775,2018,LSU,4,38.3,0.165,0.517,9.571
776,2018,Maryland,26,5.0,0.495,0.755,9.612
777,2018,Michigan,13,21.3,0.365,0.438,9.734
778,2018,Michigan State,49,1.4,0.525,0.323,9.483
779,2018,Minnesota,22,15.5,0.094,0.615,9.592
780,2018,Missouri,20,8.3,0.909,0.65,9.478
781,2018,Nebraska,6,16.9,0.326,0.594,9.562
782,2018,New Hampshire,31,5.4,-0.003,0.788,9.578
783,2018,North Carolina,39,10.1,0.071,0.769,9.303
784,2018,North Carolina State,20,6.0,0.521,0.858,9.571
785,2018,Northern Illinois,41,4.4,-0.293,0.65,9.401
786,2018,Ohio State,18,8.6,1.014,0.4,9.602
787,2018,Oklahoma,2,49.4,0.224,0.722,9.706
788,2018,Oregon State,27,12.2,0.873,0.238,9.496
789,2018,Penn State,32,10.2,-0.497,0.569,9.692
790,2018,Pennsylvania,61,1.0,0.517,0.595,9.441
791,2018,Pittsburgh,30,1.4,-0.04,0.625,9.638
792,2018,Rhode Island College,82,0.0,0.778,1.012,8.916
793,2018,Rutgers,56,1.0,-0.166,0.935,9.377
794,2018,S.E. Missouri,63,1.2,0.081,1.134,9.258
795,2018,Sacramento State,51,0.3,1.04,0.694,9.269
796,2018,San Jose State,50,2.6,-0.162,0.95,9.35
797,2018,Southern Conn.,66,0.0,0.282,0.504,9.143
798,2018,Southern Utah,35,4.6,0.353,0.546,9.426
799,2018,Springfield College,74,0.5,1.675,0.45,8.888
800,2018,Stanford,28,16.0,0.249,0.188,9.784
801,2018,Temple,48,0.6,1.061,0.471,9.519
802,2018,Texas Woman's,52,4.3,1.725,0.45,9.512
803,2018,Towson,44,3.2,1.502,0.862,9.291
804,2018,UC Davis,45,3.7,0.434,0.41,9.555
805,2018,UCLA,1,39.7,-0.011,0.592,9.631
806,2018,Ursinus College,75,0.0,0.332,0.975,9.075
807,2018,Utah,5,32.4,0.261,0.65,9.769
808,2018,Utah State,37,5.5,0.797,0.643,9.526
809,2018,UW-Eau Claire,79,0.0,0.808,0.875,8.781
810,2018,UW-La Crosse,67,0.0,-1.051,0.6,9.139
811,2018,UW-Oshkosh,80,0.0,-2.285,-0.075,9.234
812,2018,UW-Stout,77,0.0,2.759,0.031,9.261
813,2018,UW-Whitewater,71,0.4,0.254,1.225,9.294
814,2018,Washington,11,12.8,0.472,1.025,9.656
815,2018,West Chester,62,0.3,-0.29,1.033,9.398
816,2018,West Virginia,36,6.4,-0.08,0.394,9.517
817,2018,Western Michigan,46,3.8,1.328,0.517,9.596
818,2018,William & Mary,58,0.0,0.578,1.117,9.485
819,2018,Winona State,78,0.0,-0.423,0.569,6.741
820,2018,Yale,53,2.7,-0.22,0.485,9.447
821,2018,Seattle Pacific,65,0.0,0.975,0.72,9.401
822,2018,UIC,54,0.6,0.55,1.062,9.572
823,2019,Air Force,53,3.1,0.905,1.025,9.372
824,2019,Alabama,12,18.2,-0.854,0.65,9.522
825,2019,Alaska,60,1.9,-1.064,1.35,9.175
826,2019,Arizona,35,5.3,0.569,0.6,9.422
827,2019,Arizona State,25,7.7,0.331,0.038,9.566
828,2019,Arkansas,18,11.5,0.194,0.462,9.602
829,2019,Auburn,16,13.4,0.167,0.575,9.8
830,2019,Ball State,45,1.7,0.788,0.95,9.498
831,2019,Boise State,15,13.9,0.269,0.675,9.653
832,2019,Bowling Green,52,4.5,1.65,0.906,9.394
833,2019,Bridgeport,44,3.0,0.882,0.4,9.223
834,2019,Brockport,68,0.4,-0.228,0.204,9.15
835,2019,Brown,62,0.6,2.169,0.733,9.467
836,2019,BYU,21,9.6,0.613,0.569,9.364
837,2019,California,11,14.5,0.613,0.5,9.756
838,2019,Centenary College,67,0.0,1.131,1.233,9.208
839,2019,Central Michigan,33,3.2,0.545,1.375,9.39
840,2019,Cornell,59,2.2,0.676,0.538,9.391
841,2019,Cortland State,76,0.4,2.014,1.6,9.094
842,2019,Denver,4,27.2,0.249,0.367,9.671
843,2019,Eastern Michigan,48,1.4,1.1,0.438,9.492
844,2019,Florida,10,42.0,0.213,0.74,9.687
845,2019,George Washington,32,1.1,-0.118,0.688,9.564
846,2019,Georgia,8,28.3,0.696,0.35,9.711
847,2019,Gustavus Adolphus,80,0.0,2.143,0.225,9.306
848,2019,Hamline,78,0.0,1.782,2.1,8.667
849,2019,Illinois,23,6.7,-0.411,0.244,9.553
850,2019,Illinois State,56,0.6,0.737,0.588,9.538
851,2019,Iowa,31,5.6,-0.02,0.821,9.526
852,2019,Iowa State,20,6.4,-0.004,1.083,9.429
853,2019,Ithaca College,69,0.4,0.925,0.944,9.092
854,2019,Kent State,38,2.6,0.754,0.604,9.388
855,2019,Kentucky,9,17.3,0.094,0.588,9.549
856,2019,Lindenwood,36,1.9,-0.174,0.075,9.381
857,2019,LSU,2,31.7,0.187,0.15,9.756
858,2019,Maryland,30,2.7,-0.341,0.838,9.56
859,2019,Michigan,5,23.1,0.018,0.467,9.821
860,2019,Michigan State,41,3.4,-0.531,0.435,9.501
861,2019,Minnesota,13,19.8,0.329,0.225,9.613
862,2019,Missouri,17,5.5,0.123,0.445,9.526
863,2019,Nebraska,14,17.9,0.649,1.08,9.416
864,2019,New Hampshire,34,5.3,0.473,0.3,9.518
865,2019,North Carolina,49,6.6,1.205,0.63,9.518
866,2019,North Carolina State,28,3.6,0.595,0.3,9.5
867,2019,Northern Illinois,40,3.8,-0.011,0.76,9.487
868,2019,Ohio State,29,4.5,0.594,0.588,9.551
869,2019,Oklahoma,1,53.9,0.064,0.521,9.623
870,2019,Oregon State,6,16.7,0.293,1.075,9.6
871,2019,Penn State,24,6.7,0.275,0.867,9.349
872,2019,Pennsylvania,57,0.0,1.04,0.26,9.559
873,2019,Pittsburgh,43,0.4,0.439,0.65,9.584
874,2019,Rhode Island College,82,0.0,-4.39,13.0,13.0
875,2019,Rutgers,47,3.8,1.278,0.38,9.504
876,2019,S.E. Missouri,70,0.7,2.247,0.1,9.416
877,2019,Sacramento State,64,0.4,-1.017,0.479,9.426
878,2019,San Jose State,54,2.8,-0.162,0.695,9.389
879,2019,Southern Conn.,65,0.0,0.423,1.331,9.334
880,2019,Southern Utah,26,3.5,-0.435,0.814,9.544
881,2019,Springfield College,73,0.0,1.892,0.983,8.806
882,2019,Stanford,22,4.5,0.097,0.47,9.576
883,2019,Temple,46,1.3,0.967,0.608,9.492
884,2019,Texas Woman's,55,0.6,1.289,0.55,9.491
885,2019,Towson,58,1.1,0.544,0.969,9.316
886,2019,UC Davis,39,3.1,0.071,0.5,9.412
887,2019,UCLA,3,44.0,0.027,0.488,9.701
888,2019,Ursinus College,77,0.0,1.149,0.095,9.23
889,2019,Utah,7,28.2,0.177,0.333,9.736
890,2019,Utah State,42,4.8,-0.101,1.342,9.174
891,2019,UW-Eau Claire,81,0.0,0.741,0.675,8.975
892,2019,UW-La Crosse,75,0.0,0.372,1.275,9.046
893,2019,UW-Oshkosh,71,0.0,-2.791,0.214,9.235
894,2019,UW-Stout,71,0.0,0.268,-0.85,9.028
895,2019,UW-Whitewater,74,0.0,1.658,0.063,9.208
896,2019,Washington,19,10.5,-0.035,0.5,9.704
897,2019,West Chester,61,0.3,-0.358,0.564,9.334
898,2019,West Virginia,27,7.1,0.327,0.581,9.638
899,2019,Western Michigan,50,1.4,0.707,0.71,9.315
900,2019,William & Mary,63,1.3,0.997,0.462,9.494
901,2019,Winona State,79,0.0,-2.174,0.681,6.751
902,2019,Yale,51,1.4,-0.641,1.725,9.375
903,2019,Seattle Pacific,66,0.0,1.943,13.0,13.0
904,2019,UIC,37,2.4,-0.223,0.625,9.656
905,2021,Air Force,53,0.7,1.522,0.39,9.285
906,2021,Alabama,5,28.8,0.003,0.796,9.664
907,2021,Arizona,27,3.8,-0.394,0.392,9.551
908,2021,Arizona State,9,15.5,0.184,0.783,9.603
909,2021,Arkansas,13,26.0,0.36,0.145,9.585
910,2021,Auburn,35,15.3,0.839,0.435,9.654
911,2021,Ball State,37,4.1,-0.973,0.619,9.506
912,2021,Boise State,24,9.9,0.65,0.208,9.628
913,2021,Bowling Green,50,0.9,-0.775,0.729,9.427
914,2021,BYU,19,14.7,0.564,0.442,9.557
915,2021,California,7,30.6,-0.133,0.181,9.547
916,2021,Centenary College,55,0.0,0.591,0.516,9.091
917,2021,Central Michigan,26,9.1,1.326,0.302,9.443
918,2021,Denver,10,25.4,-0.191,0.275,9.707
919,2021,Eastern Michigan,32,4.0,0.084,0.979,9.562
920,2021,Florida,4,40.1,0.197,0.469,9.627
921,2021,George Washington,46,3.3,1.163,0.455,9.482
922,2021,Georgia,18,14.8,0.385,0.19,7.759
923,2021,Gustavus Adolphus,63,0.0,-4.675,0.483,7.544
924,2021,Hamline,62,0.0,-0.962,1.406,8.782
925,2021,Illinois,20,9.5,0.458,0.689,9.599
926,2021,Illinois State,43,3.3,0.754,0.1,9.43
927,2021,Iowa,17,18.6,0.183,0.658,9.548
928,2021,Iowa State,21,12.5,0.088,0.717,9.29
929,2021,Kent State,31,6.2,0.201,0.792,9.483
930,2021,Kentucky,11,19.9,-0.023,0.336,9.632
931,2021,Lindenwood,44,1.8,0.433,0.749,9.449
932,2021,LIU,54,1.1,0.257,1.473,9.176
933,2021,LSU,6,37.2,0.036,0.303,9.748
934,2021,Maryland,30,6.6,0.069,1.091,9.5
935,2021,Michigan,1,42.0,-1.186,0.27,9.763
936,2021,Michigan State,56,4.2,1.275,0.418,9.63
937,2021,Minnesota,8,33.1,0.443,0.503,9.545
938,2021,Missouri,14,9.9,-0.048,0.514,9.579
939,2021,Nebraska,39,7.0,-0.708,1.18,9.435
940,2021,New Hampshire,38,6.1,0.294,0.675,9.498
941,2021,North Carolina,41,5.0,0.554,0.696,9.555
942,2021,North Carolina State,15,8.3,0.247,0.344,9.46
943,2021,Northern Illinois,45,3.0,0.332,0.491,9.456
944,2021,Ohio State,16,5.3,0.619,0.787,9.572
945,2021,Oklahoma,2,40.1,-0.629,0.471,9.634
946,2021,Oregon State,22,14.9,-1.15,0.342,9.672
947,2021,Penn State,33,5.2,-0.395,1.013,9.426
948,2021,Pittsburgh,49,2.0,0.982,0.225,9.494
949,2021,Rutgers,40,4.8,-1.344,0.536,9.408
950,2021,S.E. Missouri,47,3.3,1.627,0.825,9.4
951,2021,San Jose State,51,0.0,0.658,1.206,9.352
952,2021,Southern Utah,23,9.8,0.706,0.367,9.318
953,2021,Stanford,52,5.0,0.842,-0.075,9.73
954,2021,Temple,36,3.1,-0.719,0.514,9.326
955,2021,Texas Woman's,48,2.2,-1.319,0.962,9.385
956,2021,Towson,29,3.9,-0.013,0.698,9.535
957,2021,UCLA,12,27.4,-0.06,0.361,9.57
958,2021,Utah,3,31.5,-0.183,0.596,9.68
959,2021,Utah State,25,4.9,-0.324,0.468,9.376
960,2021,UW-Eau Claire,64,0.0,5.2,0.345,7.101
961,2021,UW-La Crosse,58,0.0,-0.637,0.447,9.139
962,2021,UW-Oshkosh,59,0.0,-0.325,0.479,9.265
963,2021,UW-Stout,60,0.0,0.55,0.742,9.089
964,2021,UW-Whitewater,65,0.0,-0.2,0.803,9.218
965,2021,Washington,42,6.6,0.345,0.625,9.624
966,2021,West Virginia,28,4.2,0.289,0.55,9.535
967,2021,Western Michigan,34,4.5,0.006,0.562,9.557
968,2021,William & Mary,57,0.0,0.725,0.893,9.286
969,2021,Winona State,61,0.0,-0.112,-0.108,8.992
970,2022,Air Force,54,1.4,0.567,0.558,9.491
971,2022,Alabama,7,41.1,0.323,0.267,9.723
972,2022,Alaska,64,0.0,-2.153,0.91,9.046
973,2022,Arizona,26,10.9,-0.223,0.208,9.658
974,2022,Arizona State,22,17.0,0.141,0.145,9.64
975,2022,Arkansas,16,19.7,-0.349,-0.025,9.632
976,2022,Auburn,4,35.4,0.441,0.22,9.669
977,2022,Ball State,48,3.2,-0.203,0.225,9.591
978,2022,Boise State,27,16.2,-0.336,0.244,9.603
979,2022,Bowling Green,56,1.0,0.178,0.356,9.48
980,2022,Bridgeport,70,1.8,1.529,0.696,9.356
981,2022,Brockport,63,0.8,-1.781,1.086,8.982
982,2022,Brown,59,2.9,1.133,0.727,9.292
983,2022,BYU,24,15.4,0.545,0.169,9.523
984,2022,California,11,28.8,0.257,0.081,9.759
985,2022,Centenary College,72,0.0,1.579,0.794,9.164
986,2022,Central Michigan,37,7.0,0.318,1.338,9.214
987,2022,Cornell,62,0.4,0.02,0.932,9.216
988,2022,Cortland State,77,0.0,3.866,0.783,8.906
989,2022,Denver,13,20.5,0.0,0.15,9.741
990,2022,Eastern Michigan,52,3.4,1.141,0.285,9.446
991,2022,Florida,2,55.0,-0.169,0.55,9.651
992,2022,George Washington,39,6.7,0.296,-0.092,9.625
993,2022,Georgia,30,13.9,0.112,0.162,9.547
994,2022,Gustavus Adolphus,80,0.0,-1.306,-0.533,9.269
995,2022,Hamline,81,0.0,-1.136,0.588,8.644
996,2022,Illinois,19,16.2,0.594,-0.075,9.537
997,2022,Illinois State,51,6.0,0.05,0.4,9.523
998,2022,Iowa,15,19.2,-0.282,0.331,9.525
999,2022,Iowa State,25,10.3,0.076,0.425,9.564
1000,2022,Ithaca College,71,0.0,0.223,0.633,9.066
1001,2022,Kent State,41,6.6,-0.144,0.531,9.506
1002,2022,Kentucky,10,29.6,0.253,0.606,9.572
1003,2022,Lindenwood,53,2.5,-1.078,0.368,9.452
1004,2022,LIU,55,5.2,1.253,0.606,9.37
1005,2022,LSU,18,40.7,0.577,0.525,9.756
1006,2022,Maryland,29,10.6,0.597,0.41,9.559
1007,2022,Michigan,8,48.2,0.206,0.262,9.697
1008,2022,Michigan State,9,26.4,-0.004,0.304,9.548
1009,2022,Minnesota,6,37.2,0.464,0.025,9.746
1010,2022,Missouri,5,24.0,0.358,0.35,9.678
1011,2022,Nebraska,38,7.9,-0.369,0.27,9.405
1012,2022,New Hampshire,47,7.8,0.462,0.325,9.547
1013,2022,North Carolina,32,9.3,0.106,0.256,9.699
1014,2022,North Carolina State,31,7.1,0.153,0.346,9.471
1015,2022,Northern Illinois,44,6.2,0.609,0.336,9.428
1016,2022,Ohio State,20,18.6,0.054,0.137,9.705
1017,2022,Oklahoma,1,53.4,-0.009,0.163,9.726
1018,2022,Oregon State,17,27.6,-0.107,0.079,9.648
1019,2022,Penn State,40,8.6,-0.142,0.255,9.596
1020,2022,Pennsylvania,50,4.2,-0.526,0.308,9.516
1021,2022,Pittsburgh,43,3.8,0.274,1.094,9.508
1022,2022,Rhode Island College,76,0.0,-1.668,1.23,9.062
1023,2022,Rutgers,46,9.2,0.082,-0.109,9.536
1024,2022,S.E. Missouri,59,6.1,1.375,0.3,9.574
1025,2022,Sacramento State,58,3.4,2.44,0.536,9.411
1026,2022,San Jose State,35,9.1,0.539,-0.088,9.517
1027,2022,Southern Conn.,65,0.0,-0.806,0.484,9.128
1028,2022,Southern Utah,28,10.1,1.082,-0.09,9.426
1029,2022,Springfield College,75,0.0,4.079,0.193,9.116
1030,2022,Stanford,14,15.9,0.47,0.758,9.404
1031,2022,Temple,45,4.5,-0.731,0.179,9.552
1032,2022,Texas Woman's,49,3.2,0.116,-0.095,9.445
1033,2022,Towson,34,3.6,0.532,1.158,9.436
1034,2022,UC Davis,42,8.5,0.083,0.23,9.556
1035,2022,UCLA,12,32.3,0.867,1.2,9.644
1036,2022,Ursinus College,74,0.0,1.449,0.795,9.037
1037,2022,Utah,3,46.9,0.232,0.375,9.789
1038,2022,Utah State,23,13.5,-0.152,0.245,9.63
1039,2022,UW-Eau Claire,79,0.0,0.24,1.462,8.975
1040,2022,UW-La Crosse,69,0.0,-2.187,0.67,9.193
1041,2022,UW-Oshkosh,67,0.0,1.38,0.412,9.208
1042,2022,UW-Stout,73,0.0,-1.47,0.805,9.14
1043,2022,UW-Whitewater,66,0.0,0.856,0.29,9.331
1044,2022,Washington,21,12.9,1.034,0.033,9.744
1045,2022,West Chester,61,1.6,0.275,0.527,9.237
1046,2022,West Virginia,33,9.6,0.1,0.245,9.435
1047,2022,Western Michigan,36,5.6,1.005,0.408,9.453
1048,2022,William & Mary,68,0.0,-3.653,0.794,9.165
1049,2022,Winona State,78,0.0,-2.075,0.85,8.896
1050,2022,Yale,57,1.1,0.2,-0.222,9.526
